http://www.brauplantrans.at;Logistik;{'PHP', 'Yoast SEO', 'animate.css', 'Nginx', 'WordPress', 'jQuery Migrate', 'MySQL', 'jQuery', 'Google Font API', 'Revslider', 'OWL Carousel', 'Font Awesome'}
http://www.cengher.com;Logistik;{'Lodash', 'React', 'Polyfill', 'Wix'}
http://www.erc.at;Logistik;{'PHP', 'WordPress', 'Bootstrap', 'MySQL', 'Google Maps', 'jQuery', 'Google Font API', 'Revslider', 'OWL Carousel', 'Select2', 'reCAPTCHA', 'Font Awesome'}
http://www.erdbau-kruselburger.at;Logistik;{'Nginx'}
http://www.setzer.co.at;Logistik;{'Apache', 'jQuery', 'Prototype', 'Font Awesome'}
http://www.furtner-transporte.at;Logistik;{'Apache', 'YouTube'}
http://www.erdbau-pinzgau.at;Logistik;{'Apache', 'jQuery'}
http://www.keil-erdbau.at;Logistik;{'PHP', 'jQuery Migrate', 'animate.css', 'WordPress', 'prettyPhoto', 'MySQL', 'Apache', 'WordPress Super Cache', 'jQuery', 'Revslider', 'Font Awesome'}
http://www.kleinbruckner-transporte.at;Logistik;{'Apache'}
http://www.leitner-transport.at;Logistik;{'Apache', 'jQuery'}
http://www.leutgeb.at;Logistik;{'Apache', 'Cart Functionality'}
http://www.lkw-vlacic.com;Logistik;{'Apache'}
http://www.mw-treichl.at;Logistik;{'Nginx'}
http://www.noebauer-transporte.at;Logistik;{'Google Sign-in', 'PHP', 'jQuery Migrate', 'Bootstrap', 'Joomla', 'MooTools', 'Apache', 'jQuery', 'Google Font API', 'Font Awesome'}
http://www.pflugerlogistik.at;Logistik;{'PHP', 'jQuery Migrate', 'Elementor', 'Underscore.js', 'WordPress', 'Lightbox', 'MySQL', 'Apache', 'jQuery', 'Google Font API', 'Swiper Slider', 'Font Awesome'}
http://www.riegerbauer-transporte.at;Logistik;{'Apache'}
http://www.ruempeltrupp.at;Logistik;{'Apache'}
http://www.scharingerbau.at;Logistik;{'TYPO3 CMS', 'jQuery', 'PHP', 'Nginx', 'Google Font API'}
http://www.transporte-schieferer.at;Logistik;{'PHP', 'jQuery Migrate', 'animate.css', 'WordPress', 'MySQL', 'jQuery', 'Cloudflare', 'Font Awesome'}
http://www.spiegl-transporte.at;Logistik;{'TrackJs'}
http://www.stefans-taxi-westendorf.at;Logistik;{'Apache'}
http://www.transporte-erlacher.at;Logistik;{'Apache'}
http://www.transporte-jaeger.at;Logistik;{'Pure CSS', 'PHP', 'Nginx'}
http://www.transporte-mesic.at;Logistik;{'PHP', 'jQuery Migrate', 'Nginx', 'WordPress', 'MySQL', 'jQuery', 'Cart Functionality', 'Google Font API', 'Google Tag Manager', 'Font Awesome'}
http://www.voegel-transporte.com;Logistik;{'Slick', 'PHP', 'Yoast SEO', 'Elementor', 'Nginx', 'WordPress', 'animate.css', 'Bootstrap', 'MySQL', 'Plesk', 'jQuery', 'WooCommerce', 'Swiper Slider', 'OWL Carousel', 'reCAPTCHA', 'Font Awesome'}
http://www.transporte-zagler.at;Logistik;{'Apache', 'Debian'}
http://www.transporte-aichbauer.at;Logistik;{'Nginx', 'Osano'}
http://www.ts-alter.at;Logistik;{'PHP', 'Yoast SEO', 'WordPress', 'reCAPTCHA', 'MySQL', 'Apache', 'jQuery', 'Google Tag Manager'}
http://www.berber-transport.at;Logistik;{'PHP', 'jQuery Migrate', 'WordPress', 'Bootstrap', 'MySQL', 'Apache', 'jQuery', 'Google Font API', 'UIKit', 'Font Awesome'}
http://www.bkf-training.at;Logistik;{'Bootstrap', 'Apache', 'jQuery', 'Google Font API', 'Font Awesome'}
http://www.breuer-trans.at;Logistik;{'Apache'}
http://www.lachinger-transporte.at;Logistik;{'PHP', 'Yoast SEO', 'Elementor', 'jQuery Migrate', 'WordPress', 'WP Rocket', 'MySQL', 'Apache', 'jQuery', 'Swiper Slider', 'Font Awesome'}
http://www.cmc-transport.at;Logistik;{'Lua', 'Cart Functionality', 'OpenResty', 'Nginx'}
http://www.cop-jansa.at;Logistik;{'Apache', 'jQuery'}
http://www.domaxtransport.at;Logistik;{'Jimdo', 'Nginx'}
http://www.erdbewegungen-daum.at;Logistik;{'Apache', 'jQuery'}
http://www.erdbewegung-engl.at;Logistik;{'Apache', 'jQuery', 'Prototype', 'Font Awesome'}
http://www.fenz-gmbh.at;Logistik;{'PHP', 'jQuery Migrate', 'animate.css', 'WordPress', 'MySQL', 'Apache', 'WordPress Super Cache', 'jQuery', 'Font Awesome'}
http://www.fenzgmbh.at;Logistik;{'Apache'}
http://www.fk-transporte.at;Logistik;{'PHP', 'jQuery Migrate', 'Nginx', 'WordPress', 'MySQL', 'jQuery', 'Revslider', 'OWL Carousel', 'Font Awesome'}
http://www.widhalm.cc;Logistik;{'PHP', 'jQuery Migrate', 'WordPress', 'Lightbox', 'MySQL', 'Apache', 'jQuery'}
http://www.ftll.at;Logistik;{'Apache', 'Google Font API'}
http://www.fuchs-umzuege.at;Logistik;{'IIS', 'Windows Server', 'Google Font API', 'Microsoft ASP.NET'}
http://www.geisler-transporte.at;Logistik;{'Apache'}
http://www.gschwindl-transporte.at;Logistik;{'Apache'}
http://www.how-log.at;Logistik;{'Nginx', 'Python', 'Less', 'Odoo', 'Node.js', 'PostgreSQL', 'Cart Functionality', 'Font Awesome'}
http://www.hans-luger-trans.at;Logistik;{'PHP', 'jQuery Migrate', 'Modernizr', 'Nginx', 'animate.css', 'Joomla', 'Bootstrap', 'jQuery', 'jsDelivr'}
http://www.neubauer-trans.at;Logistik;{'PHP', 'jQuery Migrate', 'Nginx', 'WordPress', 'Lightbox', 'MySQL', 'jQuery', 'Google Font API', 'Revslider', 'Google Tag Manager'}
http://www.siller-holz.at;Logistik;{'Apache'}
http://www.erdbau-innviertel.at;Logistik;{'PHP', 'Yoast SEO', 'WordPress', 'MySQL', 'Apache', 'jQuery', 'Font Awesome'}
http://www.baggerarbeiten-kreuth.at;Logistik;{'Apache', 'jQuery'}
http://www.baggerarbeiten-hochreiter.at;Logistik;{'Apache', 'jQuery'}
http://www.innendorfer.co.at;Logistik;{'Nginx'}
http://www.kara-kartal.at;Logistik;{'Apache'}
http://www.kleintransporte-stelzmeyer.at;Logistik;{'Apache'}
http://www.kmc-spedition.at;Logistik;{'Apache', 'YouTube', 'RequireJS'}
http://www.lds-transporte.at;Logistik;{'PHP', 'jQuery Migrate', 'WordPress', 'MySQL', 'Apache', 'jQuery', 'Google Font API'}
http://www.lettner-trans.at;Logistik;{'jQuery', 'PHP', 'animate.css', 'WordPress', 'Google Font API', 'MySQL'}
http://www.liegl.at;Logistik;{'Apache', 'jQuery', 'Google Font API', 'Bootstrap', 'Font Awesome'}
http://www.matl-lohn.at;Logistik;{'PHP', 'jQuery Migrate', 'Joomla', 'Bootstrap', 'MooTools', 'Apache', 'jQuery'}
http://www.brandstaetter-hof.at;Logistik;{'PHP', 'jQuery Migrate', 'Nginx', 'Joomla', 'MooTools', 'jQuery', 'Google Font API'}
http://www.hofi.co.at;Logistik;{'Apache'}
http://www.munjatrans.at;Logistik;{'Apache'}
http://www.mut.cc;Logistik;{'Slick', 'SweetAlert', 'TYPO3 CMS', 'jQuery UI', 'Modernizr', 'PHP', 'Bootstrap', 'Apache', 'jQuery', 'Leaflet', 'FancyBox', 'Ubuntu', 'Font Awesome'}
http://www.neubauertrans.at;Logistik;{'Apache'}
http://www.oberdrautaler-transporte.at;Logistik;{'PHP', 'Element UI', 'Nginx', 'Joomla', 'jQuery', 'Google Font API', 'UIKit', 'Vue.js', 'Font Awesome'}
http://www.opietnik-transporte.at;Logistik;{'Apache'}
http://www.panwachau.at;Logistik;{'Apache'}
http://www.protransaustria.com;Logistik;{'TrackJs'}
http://www.reinlein-parkett.com;Logistik;{'Jimdo', 'Nginx'}
http://www.rtsg.at;Logistik;{'Apache', 'jQuery', 'Modernizr', 'Osano'}
http://www.rudolf-holzernte-transporte.at;Logistik;{'Apache'}
http://www.transporte-pichler.at;Logistik;{'Apache', 'jQuery'}
http://www.sailer-thaler.at;Logistik;{'Apache', 'jQuery'}
http://www.simmerer.at;Logistik;{'TrackJs'}
http://www.starlinetransporte.com;Logistik;{'Squarespace', 'Cart Functionality', 'Stimulus'}
http://www.bagger-strassmair.at;Logistik;{'Apache', 'Cart Functionality'}
http://www.tlp-transport.at;Logistik;{'Jimdo', 'Nginx'}
http://www.transport-eder.at;Logistik;{'PHP', 'Yoast SEO', 'Modernizr', 'Nginx', 'WordPress', 'jQuery Migrate', 'Ionicons', 'MySQL', 'Google Maps', 'Clipboard.js', 'jQuery', 'Revslider', 'OWL Carousel', 'Font Awesome'}
http://www.schlosser-transport-handel.at;Logistik;{'Apache', 'jQuery'}
http://www.transporte-baggerungen-bramberger.at;Logistik;{'Apache'}
http://www.haidenbauer.com;Logistik;{'PHP', 'Nginx', 'jQuery', 'scrollreveal', 'UIKit', 'Osano'}
http://www.graf-trans.at;Logistik;{'Apache', 'Contao', 'jQuery', 'jQuery UI', 'PHP'}
http://www.transporte-planitzer.at;Logistik;{'Apache'}
http://www.transportwest.at;Logistik;{'TrackJs'}
http://www.murtal-bagger.at;Logistik;{'Apache', 'jQuery', 'Bootstrap'}
http://www.vipe-service.com;Logistik;{'Lodash', 'Google Cloud', 'Polyfill', 'React', 'Wix'}
http://www.vtcm.at;Logistik;{'Apache'}
http://www.wein-lagerlogistik.at;Logistik;{'Apache', 'jQuery'}
http://www.wein-logistik.at;Logistik;{'PHP', 'jQuery Migrate', 'animate.css', 'Nginx', 'WordPress', 'Lightbox', 'MySQL', 'Flickity', 'jQuery', 'OWL Carousel', 'Font Awesome'}
http://www.ziller-salzburg.at;Logistik;{'Apache', 'jQuery'}
http://www.rohrbacher-agrarservice.at;Logistik;{'Cloudflare'}
http://www.amann-transporte.at;Logistik;{'Apache'}
http://www.aschaber-transporte.at;Logistik;{'PHP', 'jQuery Migrate', 'animate.css', 'WordPress', 'MySQL', 'Apache', 'jQuery'}
http://www.cftransport.at;Logistik;{'PHP', 'jQuery Migrate', 'Elementor', 'Nginx', 'WordPress', 'MySQL', 'jQuery', 'Font Awesome'}
http://www.cleverlogistics.at;Logistik;{'Nginx'}
http://www.drasko-trans.at;Logistik;{'Apache', 'jQuery'}
http://www.elmo-team.at;Logistik;{'Apache', 'PHP', 'MySQL', 'WordPress'}
http://www.repo.co.at;Logistik;{'Jimdo', 'Nginx'}
http://www.aloismair.at;Logistik;{'PHP', 'Yoast SEO', 'WordPress', 'Lightbox', 'MySQL', 'Apache', 'jQuery', 'Font Awesome'}
http://www.erdbewegung.tirol;Logistik;{'Apache', 'jQuery', 'PHP', 'Bootstrap'}
http://www.ferrumcargologistics.com;Logistik;{'PHP', 'Yoast SEO', 'animate.css', 'jQuery Migrate', 'WordPress', 'MySQL', 'Google Maps', 'Apache', 'jQuery', 'WooCommerce', 'Revslider', 'Font Awesome'}
http://www.tischler-transport-montage.at;Logistik;{'TrackJs'}
http://www.haselwanter.com;Logistik;{'TYPO3 CMS', 'PHP', 'jQuery UI', 'Bootstrap', 'Apache', 'jQuery', 'Font Awesome'}
http://www.erdbau-irnberger.at;Logistik;{'PHP', 'Yoast SEO', 'jQuery Migrate', 'WordPress', 'MySQL', 'Apache', 'jQuery', 'Cart Functionality', 'W3 Total Cache', 'Font Awesome'}
http://www.wambach.co.at;Logistik;{'Cart Functionality', 'TrackJs'}
http://www.transporte-hofer.at;Logistik;{'Lodash', 'React', 'Polyfill', 'Wix'}
http://www.prechtl-transporte.at;Logistik;{'PHP', 'Yoast SEO', 'Elementor', 'jQuery Migrate', 'WordPress', 'Litespeed Cache', 'MySQL', 'jQuery', 'LiteSpeed', 'Google Tag Manager'}
http://www.lorenschitz.com;Logistik;{'PHP', 'Yoast SEO', 'Elementor', 'Nginx', 'WordPress', 'jQuery Migrate', 'MySQL', 'jQuery', 'Google Font API', 'Font Awesome'}
http://www.reisegger-trans.com;Logistik;{'PHP', 'Yoast SEO', 'jQuery Migrate', 'WordPress', 'MySQL', 'Apache', 'jQuery', 'Cart Functionality', 'Google Font API', 'Revslider', 'Font Awesome'}
http://www.reutner.at;Logistik;{'IIS', 'Windows Server', 'Bootstrap', 'YUI', 'jQuery', 'Microsoft ASP.NET', 'TinyMCE', 'Font Awesome'}
http://www.schneckenreither-gmbh.at;Logistik;{'Webflow', 'jQuery', 'jsDelivr'}
http://www.strasser-erdbau.at;Logistik;{'TrackJs'}
http://www.tea-transport.at;Logistik;{'Backbone.js', 'jQuery Migrate', 'PHP', 'Underscore.js', 'WordPress', 'MySQL', 'Google Font API', 'Font Awesome', 'Slick', 'Yoast SEO', 'Elementor', 'AMP', 'Apache', 'WordPress Super Cache', 'jQuery', 'Swiper Slider'}
http://www.ds-transporte.at;Logistik;{'Apache', 'ZURB Foundation'}
http://www.tuscher-transporte.at;Logistik;{'Nginx'}
http://www.via-transport.com;Logistik;{'jQuery Migrate', 'jQuery UI', 'Bootstrap', 'Apache', 'jQuery', 'FancyBox', 'OWL Carousel'}
http://www.dermann.at;Logistik;{'PHP', 'Yoast SEO', 'Modernizr', 'jQuery Migrate', 'WordPress', 'jQuery UI', 'Lightbox', 'Bootstrap', 'WP Rocket', 'MySQL', 'Apache', 'jQuery', 'Google Tag Manager', 'Font Awesome'}
http://www.dermilchmann.at;Logistik;{'IIS', 'PHP', 'Windows Server'}
http://www.3log.at;Logistik;{'Slick', 'IIS', 'PHP', 'jQuery Migrate', 'animate.css', 'Windows Server', 'WordPress', 'MySQL', 'WordPress Super Cache', 'jQuery', 'Google Font API', 'Font Awesome'}
http://adam-umzug.at;Logistik;{'Apache'}
http://www.rentacar-uzunic.at;Logistik;{'Nginx'}
http://www.alex-transporte.at;Logistik;{'Nginx'}
http://www.amg-bagger.at;Logistik;{'PHP', 'Yoast SEO', 'jQuery Migrate', 'WordPress', 'MySQL', 'Apache', 'jQuery', 'NextGEN Gallery'}
http://www.andi-erdbau.at;Logistik;{'Apache', 'jQuery'}
http://www.anka-transport.at;Logistik;{'PHP', 'jQuery Migrate', 'WordPress', 'Bootstrap', 'MySQL', 'Apache', 'jQuery', 'Google Font API', 'Revslider', 'OWL Carousel', 'Select2', 'Font Awesome'}
http://www.adi.co.at;Logistik;set()
http://das-putzigerl.at;Logistik;{'Apache'}
http://www.erdbau-riedl.at;Logistik;{'Apache', 'Microsoft Word'}
http://www.pension-reinstadler.at;Logistik;{'TYPO3 CMS', 'PHP', 'Modernizr', 'Apache', 'jQuery', 'Supersized'}
http://www.ants-in.com;Logistik;{'Modernizr', 'Bootstrap', 'Apache', 'jQuery', 'Leaflet', 'jsDelivr', 'Font Awesome'}
http://www.koller-gmbh.at;Logistik;{'Jimdo', 'YouTube', 'Nginx', 'Google Font API'}
http://www.kokarnig.at;Logistik;{'Lodash', 'Google Cloud', 'Polyfill', 'React', 'Wix'}
http://www.auer-abfallwirtschaft.at;Logistik;{'Apache', 'jQuery', 'PHP', 'Joomla', 'MooTools'}
http://www.auerbau.at;Logistik;{'PHP', 'Nginx', 'WordPress', 'Lightbox', 'Bootstrap', 'MySQL', 'jQuery', 'Revslider', 'GSAP', 'OWL Carousel', 'Select2', 'Font Awesome'}
http://www.auer-kfz.at;Logistik;{'Apache', 'jQuery', 'PHP', 'jQuery Migrate', 'WordPress', 'MySQL'}
http://www.auer-trans.com;Logistik;{'Nginx'}
http://www.auer-garsten.at;Logistik;{'PHP', 'Yoast SEO', 'jQuery Migrate', 'Nginx', 'WordPress', 'WP Rocket', 'MySQL', 'jQuery', 'WooCommerce', 'Nette Framework'}
http://www.auertransporte.at;Logistik;{'Jimdo', 'Nginx'}
http://www.brueckl.info;Logistik;{'PHP', 'jQuery Migrate', 'Modernizr', 'Lightbox', 'Joomla', 'Bootstrap', 'MooTools', 'Apache', 'jQuery', 'Google Font API', 'Google Tag Manager'}
http://www.eberhaut.at;Logistik;{'PHP', 'jQuery Migrate', 'animate.css', 'Nginx', 'WordPress', 'Ionicons', 'MySQL', 'Plesk', 'jQuery', 'Google Font API', 'Swiper Slider', 'Font Awesome'}
http://www.auto-freithofnig.at;Logistik;{'TYPO3 CMS', 'PHP', 'jQuery UI', 'Bootstrap', 'Apache', 'jQuery'}
http://www.autohaus-strasser.at;Logistik;{'Plone', 'Python', 'Google Maps', 'Cloudflare', 'OneTrust', 'Google Tag Manager', 'Font Awesome'}
http://happybau.at;Logistik;{'PHP', 'Yoast SEO', 'Elementor', 'jQuery Migrate', 'Underscore.js', 'WordPress', 'MySQL', 'Apache', 'jQuery', 'Google Font API', 'Font Awesome'}
http://www.baeck-baggerungen.at;Logistik;{'PHP', 'Yoast SEO', 'Elementor', 'Nginx', 'WordPress', 'jQuery Migrate', 'MySQL', 'jQuery', 'Google Font API', 'Font Awesome'}
http://www.bestconnection.at;Logistik;{'particles.js', 'PHP', 'Varnish', 'Elementor', 'jQuery Migrate', 'WordPress', 'MySQL', 'Apache', 'jQuery', 'Google Font API', 'Revslider', 'OWL Carousel', 'Font Awesome'}
http://www.bimabau.at;Logistik;{'Nginx'}
http://www.bode-getraenke.at;Logistik;{'OpenSSL', 'PHP', 'FreeBSD', 'Yoast SEO', 'jQuery Migrate', 'WordPress', 'MySQL', 'Apache', 'jQuery'}
http://www.boehm-transport.com;Logistik;{'Apache', 'TYPO3 CMS', 'PHP'}
http://www.boehm-transport.at;Logistik;{'Nginx', 'Google Maps', 'jQuery', 'FancyBox', 'Google Font API', 'Swiper Slider'}
http://www.plotter.co.at;Logistik;{'TrackJs'}
http://www.cash4car.co.at;Logistik;{'Apache', 'jQuery', 'Bootstrap', 'Font Awesome'}
http://www.cool-fresh.at;Logistik;{'IIS', 'Windows Server'}
http://www.fraissl.at;Logistik;{'Slick', 'PHP', 'jQuery Migrate', 'WordPress', 'prettyPhoto', 'Bootstrap', 'MySQL', 'Apache', 'jQuery', 'Google Font API', 'Font Awesome'}
http://www.danu-transport.at;Logistik;{'PHP', 'Cookiebot', 'Elementor', 'Nginx', 'WordPress', 'Yoast SEO', 'jQuery Migrate', 'MySQL', 'jQuery', 'UIKit', 'Font Awesome'}
http://www.dawoparts.at;Logistik;{'Nginx'}
http://www.deli-transporte.at;Logistik;{'Apache', 'jQuery', 'PHP', 'WordPress', 'MySQL'}
http://www.nudo.at/do-trans;Logistik;{'Apache', 'PHP', 'Yoast SEO', 'WordPress', 'MySQL'}
http://www.dold.at;Logistik;{'TrackJs'}
http://www.brantner-duerr.at;Logistik;{'PHP', 'jQuery Migrate', 'Joomla', 'Bootstrap', 'Apache', 'Font Awesome', 'jQuery', 'Osano'}
http://www.ebart.at;Logistik;{'Nginx'}
http://www.easy2transport.at;Logistik;{'PHP', 'jQuery Migrate', 'WordPress', 'MySQL', 'Apache', 'jQuery', 'Revslider'}
http://www.easyumzug.at;Logistik;{'PHP', 'jQuery Migrate', 'Nginx', 'WordPress', 'MySQL', 'jQuery', 'Swiper Slider', 'jQuery Mobile'}
http://www.xl-transporte.at;Logistik;{'PHP', 'jQuery Migrate', 'Modernizr', 'Underscore.js', 'WordPress', 'MySQL', 'Apache', 'jQuery', 'WooCommerce', 'Google Font API'}
http://www.eder-roland.at;Logistik;{'TYPO3 CMS', 'PHP', 'Lightbox', 'Apache', 'jQuery', 'Debian'}
http://www.denis-kleintransport.at;Logistik;{'PHP', 'WordPress', 'Bootstrap', 'MySQL', 'Apache', 'jQuery', 'Font Awesome'}
http://www.edibus.at;Logistik;{'PHP', 'jQuery Migrate', 'WordPress', 'MySQL', 'Google Maps', 'Apache', 'jQuery', 'Font Awesome'}
http://www.efko.at;Logistik;{'Nginx'}
http://www.egeslogistics.at;Logistik;{'PHP', 'jQuery Migrate', 'WordPress', 'MySQL', 'Apache', 'jQuery', 'Google Font API'}
http://www.egon-klade.at;Logistik;{'Google Plus', 'Nginx', 'Google Font API'}
http://www.eibl-abbruch.at;Logistik;{'Mobirise', 'Bootstrap', 'Apache', 'jQuery', 'Google Font API', 'Debian'}
http://www.eibl-erdbewegung.at;Logistik;{'Apache', 'FrontPage'}
http://www.eigl.at;Logistik;{'jQuery', 'Modernizr', 'Nginx'}
http://www.rohner.at;Logistik;{'Nginx'}
http://www.arlberg.com/strolz-emil;Logistik;{'Apache'}
http://www.engl.cc;Logistik;{'TYPO3 CMS', 'PHP', 'Nginx'}
http://www.nnglaserei.at;Logistik;{'Revslider', 'Yoast SEO', 'jQuery Migrate', 'PHP', 'WordPress', 'Litespeed Cache', 'MySQL', 'jQuery', 'Google Font API', 'LiteSpeed', 'Google Tag Manager', 'Font Awesome'}
http://lohnunternehmen-brauchart.webnode.page;Logistik;{'Lua', 'OpenResty', 'Nginx'}
http://www.wuger.at;Logistik;{'Nginx'}
http://www.erro.at;Logistik;{'Apache', 'PHP', 'Drupal'}
http://www.exim.co.at;Logistik;{'PHP', 'Yoast SEO', 'WordPress', 'MySQL', 'Apache', 'jQuery', 'Revslider'}
http://www.fairtransport.at;Logistik;{'Nginx'}
http://www.fals-group.com;Logistik;{'PHP', 'jQuery Migrate', 'Modernizr', 'WordPress', 'Lightbox', 'Bootstrap', 'MySQL', 'Apache', 'Clipboard.js', 'jQuery', 'Revslider'}
http://www.fast24.at;Logistik;{'Nginx'}
http://www.fast-logistik.at;Logistik;{'Apache'}
http://www.fastprint.at;Logistik;{'PHP', 'Yoast SEO', 'Elementor', 'WordPress', 'reCAPTCHA', 'WP Rocket', 'MySQL', 'Apache', 'Google Tag Manager'}
http://www.fedl.at;Logistik;{'Slick', 'TYPO3 CMS', 'PHP', 'Nginx', 'Bootstrap', 'jQuery'}
http://www.natursteine-fend.at;Logistik;{'Apache', 'MyWebsite'}
http://www.lkw-fessl.at;Logistik;{'PHP', 'Bootstrap', 'Apache', 'jQuery', 'Font Awesome'}
http://www.transporte-fink.at;Logistik;{'Nginx'}
http://www.fitz-gmbh.at;Logistik;{'TrackJs'}
http://www.freytrans.com;Logistik;{'Apache', 'jQuery', 'Prototype', 'Font Awesome'}
http://www.gt-logistik.at;Logistik;{'Slick', 'PHP', 'Yoast SEO', 'jQuery Migrate', 'WordPress', 'MySQL', 'Apache', 'jQuery', 'Google Font API'}
http://www.trippl.com;Logistik;{'Apache', 'Element UI', 'UIKit', 'Vue.js', 'Font Awesome'}
http://www.gesa.at;Logistik;{'jQuery', 'PHP', 'Cloudflare', 'Magento', 'OWL Carousel', 'MySQL', 'Google Tag Manager'}
http://www.go-botendienst.at;Logistik;{'Apache', 'SWFObject'}
http://www.transdanubia.com;Logistik;{'Apache'}
http://www.graftrans.at;Logistik;{'PHP', 'WordPress', 'Lightbox', 'Ionicons', 'MySQL', 'Apache', 'Swiper Slider'}
http://www.hc-schiffer.at;Logistik;{'TrackJs'}
http://www.hztransport.com;Logistik;{'IIS', 'Moment.js', 'Windows Server', 'reCAPTCHA', 'Bootstrap', 'jQuery', 'AddThis', 'OWL Carousel', 'jsDelivr', 'Google Tag Manager', 'Font Awesome'}
http://www.erdbewegung-salzburg.at;Logistik;{'PHP', 'jQuery Migrate', 'Nginx', 'WordPress', 'MySQL', 'jQuery', 'Google Font API', 'Revslider', 'Font Awesome'}
http://www.holzkraft.at;Logistik;{'Apache', 'jQuery', 'jQuery UI'}
http://www.hahn-kran.com;Logistik;{'Jimdo', 'Nginx'}
http://www.haim-gmbh.at;Logistik;{'PHP', 'Yoast SEO', 'Elementor', 'Nginx', 'WordPress', 'jQuery Migrate', 'MySQL', 'jQuery', 'Font Awesome'}
http://www.amerhauser.at;Logistik;{'PHP', 'jQuery Migrate', 'WordPress', 'Bootstrap', 'MySQL', 'Apache', 'jQuery', 'NextGEN Gallery', 'Google Font API', 'OWL Carousel', 'Font Awesome'}
http://www.transporte-erharter.at;Logistik;{'Apache'}
http://www.gumpi-team.at;Logistik;{'Apache', 'TYPO3 CMS', 'PHP'}
http://katzengitter.at;Logistik;{'Apache', 'jQuery', 'Prototype', 'Font Awesome'}
http://www.gaenger.at;Logistik;{'Jimdo', 'Nginx'}
http://www.hoffelner-linz.com;Logistik;{'jQuery', 'YouTube', 'Modernizr', 'Nginx'}
http://www.kraml-scheibbs.at;Logistik;{'Modernizr', 'Lightbox', 'Apache', 'jQuery', 'jsDelivr'}
http://www.transportemoser.at;Logistik;{'Apache', 'FrontPage'}
http://www.piwonka.at;Logistik;{'IIS', 'Windows Server', 'Microsoft ASP.NET'}
http://www.transporte-pletzer.at;Logistik;{'Nginx'}
http://sallmannhof.at;Logistik;{'SilverStripe', 'PHP', 'RequireJS', 'Modernizr', 'Nginx'}
http://www.steinbauzentrum.at;Logistik;{'PHP', 'Element UI', 'jQuery Migrate', 'Nginx', 'Joomla', 'Bootstrap', 'jQuery', 'UIKit', 'Vue.js'}
http://www.hs-technik.at;Logistik;{'PHP', 'Nginx', 'WordPress', 'WP Rocket', 'MySQL', 'Google Maps', 'jQuery', 'Google Font API'}
http://www.zoechling.at;Logistik;{'PHP', 'jQuery Migrate', 'Modernizr', 'Underscore.js', 'WordPress', 'MySQL', 'Apache', 'jQuery', 'Google Font API', 'YouTube'}
http://www.hg-agrar.at;Logistik;{'PHP', 'Elementor', 'WordPress', 'MySQL', 'Apache', 'jQuery', 'Google Font API'}
http://www.horuck.at;Logistik;{'PHP', 'Yoast SEO', 'animate.css', 'jQuery Migrate', 'WordPress', 'MySQL', 'jQuery', 'LiteSpeed'}
http://www.franz-hoedl.at;Logistik;{'Nginx'}
http://www.cranetrans.at;Logistik;{'Lightbox', 'Apache', 'jQuery', 'Cart Functionality', 'Debian'}
http://stmk.volkshilfe.at;Logistik;{'Apache', 'Swiper Slider', 'PHP', 'TYPO3 CMS'}
http://www.hook24.com;Logistik;{'Apache'}
http://www.hopf-bagger.at;Logistik;{'Nginx'}
http://www.hufe-transporte.at;Logistik;{'jQuery', 'Modernizr', 'Nginx', 'Bootstrap'}
http://www.transporteschneider.at;Logistik;{'PHP', 'jQuery Migrate', 'animate.css', 'Joomla', 'Bootstrap', 'Apache', 'jQuery', 'Google Font API', 'UIKit', 'Font Awesome'}
http://www.help24.co.at;Logistik;{'Gravity Forms', 'PHP', 'animate.css', 'WordPress', 'Bootstrap', 'WP Rocket', 'MySQL', 'Apache', 'jQuery', 'ZURB Foundation', 'Font Awesome'}
http://www.smuk.at;Logistik;{'Bootstrap', 'Apache', 'jQuery', 'Cart Functionality', 'FancyBox', 'SweetAlert2', 'Debian'}
http://www.golob-erdbau.at;Logistik;{'Nginx'}
http://www.transporte-rettenbacher.at;Logistik;{'Apache', 'jQuery', 'Debian', 'Bootstrap'}
http://www.urschitzgmbh.at;Logistik;{'PHP', 'Yoast SEO', 'Elementor', 'jQuery Migrate', 'WordPress', 'MySQL', 'Google Maps', 'Apache', 'jQuery', 'UIKit', 'Swiper Slider', 'Font Awesome'}
http://www.kaim.at;Logistik;{'jQuery', 'PHP', 'jQuery Migrate', 'Nginx', 'WordPress', 'MySQL'}
http://www.albl.cc;Logistik;{'PHP', 'jQuery Migrate', 'Nginx', 'WordPress', 'MySQL', 'jQuery', 'jQuery Mobile'}
http://www.autoverwertung.at;Logistik;{'Apache', 'jQuery', 'Bootstrap', 'Osano'}
http://www.pipal-transporte.at;Logistik;{'PHP', 'jQuery Migrate', 'Modernizr', 'WordPress', 'MySQL', 'Apache', 'jQuery', 'Redis Object Cache', 'Redis', 'jsDelivr'}
http://iel.world;Logistik;{'PHP', 'jQuery Migrate', 'animate.css', 'WordPress', 'Bootstrap', 'MySQL', 'Apache', 'jQuery', 'OWL Carousel', 'Ubuntu', 'Font Awesome'}
http://www.penz-franz.at;Logistik;{'Apache', 'jQuery', 'PHP', 'jQuery Migrate', 'WordPress', 'MySQL'}
http://www.schlager-erdbau.com;Logistik;{'Apache', 'PHP', 'Yoast SEO', 'WordPress', 'MySQL'}
http://www.hofer-transporte.org;Logistik;{'Apache'}
http://www.jweik.at;Logistik;{'Apache'}
http://www.hofer.net;Logistik;{'PHP', 'jQuery Migrate', 'WordPress', 'MySQL', 'Apache', 'jQuery', 'Revslider', 'Font Awesome'}
http://www.johann-kammerzelt.at;Logistik;{'Apache', 'jQuery', 'Google Font API'}
http://www.brucha.com;Logistik;{'Cloudflare'}
http://www.lindner-erdbau.com;Logistik;{'Jimdo', 'Nginx', 'Microsoft Word'}
http://www.weitzer-bau.at;Logistik;{'PHP', 'Yoast SEO', 'Nginx', 'WordPress', 'MySQL', 'WordPress Super Cache', 'jQuery'}
http://www.stinglmair.at;Logistik;{'Jimdo', 'Nginx'}
http://www.kager-trans.at;Logistik;{'PHP', 'jQuery Migrate', 'Elementor', 'Nginx', 'WordPress', 'MySQL', 'jQuery', 'Cart Functionality', 'Google Font API', 'Swiper Slider', 'Font Awesome'}
http://www.wandelnig.at;Logistik;{'jQuery', 'Nginx'}
http://www.bucherplatte.com;Logistik;{'Apache'}
http://www.blaha-transporte.at;Logistik;{'Nginx'}
http://www.stangl-international.com;Logistik;{'Lua', 'OpenResty', 'Nginx'}
http://www.steinbruch-wallner.at;Logistik;{'Lodash', 'Google Cloud', 'Polyfill', 'React', 'Wix'}
http://hoefinger-altmelon.at;Logistik;{'React'}
http://www.gruber-trans.at;Logistik;{'Nginx'}
http://www.transporte-neubauer.at;Logistik;{'Nginx'}
http://www.jogarden.at;Logistik;{'Nginx'}
http://www.jung-energielogistik.com;Logistik;{'Nginx'}
http://www.autohaus-just.at;Logistik;{'Nginx'}
http://www.erdbau-kail.at;Logistik;{'Nginx'}
http://www.hackguterzeugung-kals.at;Logistik;{'Nginx'}
http://www.afflenzer.com;Logistik;{'Nginx'}
http://www.sommer-transporte.at;Logistik;{'Nginx'}
http://www.dolezal-transporte.com;Logistik;{'Nginx'}
http://www.ennemoser-helka.at;Logistik;{'Nginx'}
http://www.friedl-entsorgung.at;Logistik;{'Nginx'}
http://www.marko-weiz.at;Logistik;{'Nginx'}
http://www.gansberger-reisen.at;Logistik;{'Nginx'}
http://www.preis-logistics.at;Logistik;{'Nginx'}
http://www.grubertransporte.at;Logistik;{'Nginx'}
http://www.neuleutasch.at;Logistik;{'Nginx'}
http://www.hiesingerkarl.at;Logistik;{'Nginx'}
http://www.honeder-trans.at;Logistik;{'Nginx'}
http://www.karlkollitsch.at;Logistik;{'Nginx'}
http://www.ford-kressnig.at;Logistik;{'Nginx'}
http://www.steirertorf.at;Logistik;{'Nginx'}
http://www.mayr-mobility.at;Logistik;{'Nginx'}
http://www.karl-pitzer.com;Logistik;{'Nginx'}
http://www.reisenhofer-transporte.at;Logistik;{'PHP', 'Yoast SEO', 'Nginx', 'WordPress', 'MySQL', 'SiteGround', 'Google Tag Manager'}
http://www.inno-vation.com;Logistik;{'Apache'}
http://www.trippel-transporte.webnode.at;Logistik;{'Lua', 'OpenResty', 'Nginx'}
http://www.voitischek.com;Logistik;{'PHP', 'jQuery Migrate', 'prettyPhoto', 'Joomla', 'Bootstrap', 'MooTools', 'Apache', 'jQuery', 'OWL Carousel', 'Font Awesome'}
http://www.zotter.co.at;Logistik;{'IIS', 'Windows Server', 'Microsoft ASP.NET', 'Plesk'}
http://www.kattinternational.at;Logistik;{'Apache', 'MyWebsite'}
http://www.kern-kies.at;Logistik;{'Nginx'}
http://www.kk-graphics.at;Logistik;{'Nginx'}
http://www.kolb-gmbh.at;Logistik;{'Nginx'}
http://www.kopf-kies-beton.at;Logistik;{'Nginx'}
http://www.kran-siezenheim.at;Logistik;{'Nginx'}
http://www.kranhoch3.at;Logistik;{'Nginx'}
http://www.kranundtrans.at;Logistik;{'Nginx'}
http://www.kuch-transporte.at;Logistik;{'Nginx'}
http://www.ehrlich.at;Logistik;{'Nginx'}
http://www.heizoele-schenk.at;Logistik;{'Nginx'}
http://www.transporte-krist.at;Logistik;{'Nginx'}
http://www.kurt-hofmann.at;Logistik;{'Nginx'}
http://auto-poschinger.at;Logistik;{'Nginx'}
http://zajedno.at;Logistik;{'Nginx'}
http://www.lanztrans.at;Logistik;{'Nginx'}
http://www.li-ta.at;Logistik;{'Nginx'}
http://www.liveinabox.at;Logistik;{'Nginx'}
http://www.lutztulln.com;Logistik;{'Nginx'}
http://www.carfriends-kfz.at;Logistik;{'Nginx'}
http://www.brugger-linz.at;Logistik;{'Nginx'}
http://www.umzug-innsbruck-tirol.at;Logistik;{'Nginx'}
http://www.sillar.at;Logistik;{'Nginx'}
http://www.schotter-tauschitz.at;Logistik;{'Nginx'}
http://security-group.at;Logistik;{'Nginx'}
http://www.mani.co.at;Logistik;{'Nginx'}
http://www.firma-mare.at;Logistik;{'Nginx'}
http://www.mh-transporte.net;Logistik;{'Nginx'}
http://www.melstransporte.com;Logistik;{'Slick', 'jQuery Migrate', 'HubSpot', 'jQuery', 'FancyBox', 'Cloudflare', 'Google Font API', 'Font Awesome'}
http://www.meta-trans.at;Logistik;{'Google Plus', 'Google Font API'}
http://agnet.org;Logistik;{'PHP', 'jQuery Migrate', 'WordPress', 'Bootstrap', 'MySQL', 'jQuery', 'Cloudflare', 'Google Font API', 'OWL Carousel', 'Select2', 'Font Awesome'}
http://www.pempertransporte.at;Logistik;{'Apache'}
http://www.kfz-ilic.at;Logistik;{'PHP', 'Yoast SEO', 'Elementor', 'jQuery Migrate', 'WordPress', 'MySQL', 'Apache', 'jQuery', 'WooCommerce', 'Font Awesome'}
http://www.moka-online.at;Logistik;set()
http://www.muhr-trans.at;Logistik;{'TYPO3 CMS', 'PHP', 'Apache', 'jQuery', 'Google Font API', 'Ubuntu'}
http://www.nagy-service.at;Logistik;{'PHP', 'Yoast SEO', 'animate.css', 'WordPress', 'MySQL', 'Apache', 'jQuery'}
http://www.neki.at;Logistik;{'Apache', 'Ubuntu'}
http://www.nelereisen.net;Logistik;{'Apache', 'jQuery', 'Bootstrap'}
http://www.nowa-spedition.at;Logistik;{'PHP', 'animate.css', 'WordPress', 'Bootstrap', 'MySQL', 'Apache', 'jQuery'}
http://www.ntex.se/en;Logistik;{'Nginx', 'Next.js', 'Node.js', 'webpack', 'Google Tag Manager', 'Google Font API', 'React', 'Ubuntu'}
http://www.obst-leopold.at;Logistik;{'Apache', 'jQuery', 'PHP', 'Lightbox'}
http://www.visum-support.at;Logistik;{'Apache'}
http://www.olio.at;Logistik;{'jQuery', 'Nginx'}
http://www.omix.at;Logistik;{'Nginx'}
http://www.otus.at;Logistik;{'Nginx'}
http://www.bischof-transporte.com;Logistik;{'Nginx'}
http://www.koenig-trans.com;Logistik;{'Nginx'}
http://www.paap.at;Logistik;{'Nginx'}
http://www.pack-transporte.at;Logistik;{'Nginx'}
http://www.pact-logistics.at;Logistik;{'Nginx'}
http://www.pain-beraus.at;Logistik;{'Nginx'}
http://www.palebau.at;Logistik;{'Nginx'}
http://www.parstrans.at;Logistik;{'Nginx'}
http://www.grollitsch-trans.at;Logistik;{'Nginx'}
http://www.rudolf-ag.at;Logistik;{'Nginx'}
http://www.burger-werkstatt.eu;Logistik;{'Nginx'}
http://www.taxi-292915.at;Logistik;{'Nginx'}
http://www.weltenbummler.at;Logistik;{'Nginx'}
http://www.peko.co.at;Logistik;{'Nginx'}
http://www.pipp-transporte.at;Logistik;{'Nginx'}
http://www.maier-reinigung.at;Logistik;{'Nginx'}
http://pluz.care;Logistik;{'Nginx'}
http://www.poltgmbh.at;Logistik;{'Nginx'}
http://www.post.at;Logistik;{'Nginx'}
http://www.poyss.at;Logistik;{'Nginx'}
http://www.prem-transporte.com;Logistik;{'Nginx'}
http://www.ragg.at;Logistik;{'Nginx'}
http://www.railcargologistics.at;Logistik;{'Nginx'}
http://www.railcargologistics.com;Logistik;{'Nginx'}
http://www.rain-transport.at;Logistik;{'Nginx'}
http://www.aha-nailcosmetic.at;Logistik;{'Nginx'}
http://www.reas-logistik.com;Logistik;{'Nginx'}
http://www.transportereiss.at;Logistik;{'Nginx'}
http://www.reki-bau.at;Logistik;{'Nginx'}
http://www.rene-nachbaur.at;Logistik;{'Nginx'}
http://www.repo-co.at;Logistik;{'Nginx'}
http://www.rewe-group.at;Logistik;{'Nginx'}
http://www.rslog.at;Logistik;{'Nginx'}
http://www.rundumdashaus.at;Logistik;{'Nginx'}
http://www.stom-systems.at;Logistik;{'Nginx'}
http://www.ruempeldienst.at;Logistik;{'Nginx'}
http://www.sato-logistik.at;Logistik;{'Nginx'}
http://www.harml.com;Logistik;{'Nginx'}
http://www.sigr.si;Logistik;{'Nginx'}
http://www.sini-transporte.at;Logistik;{'Nginx'}
http://www.schafferholz.com;Logistik;{'Nginx'}
http://www.erdbau-henninger.at;Logistik;{'Nginx'}
http://www.24taxi.at;Logistik;{'Nginx'}
http://www.taxi-nassfeld.at;Logistik;{'Nginx'}
http://www.taxi-hammer.at;Logistik;{'Nginx'}
http://www.taxi-moser.at;Logistik;{'Nginx'}
http://www.nowak.at;Logistik;{'Nginx'}
http://www.teamfalkner.com;Logistik;{'Nginx'}
http://www.tesc.at;Logistik;{'Nginx'}
http://www.lkw-webersdorfer.at;Logistik;{'Nginx'}
http://www.thir.at;Logistik;{'Nginx'}
http://www.timeforyou.at;Logistik;{'Nginx'}
http://www.time-log.at;Logistik;{'Nginx'}
http://www.to-ma.at;Logistik;{'Nginx'}
http://www.tonischwarz.at;Logistik;{'Nginx'}
http://www.torg-spedition.at;Logistik;{'Nginx'}
http://www.treu-sped.at;Logistik;{'Nginx'}
http://www.troy-transport.com;Logistik;{'Nginx'}
http://www.turm-logistik.at;Logistik;{'Nginx'}
http://www.wienerservice.at;Logistik;{'Nginx'}
http://www.ulbg-box.at;Logistik;{'PHP', 'Elementor', 'WordPress', 'MySQL', 'Apache', 'jQuery', 'Font Awesome'}
http://www.vegatrans.com;Logistik;{'Apache', 'TYPO3 CMS', 'PHP'}
http://www.veloteam.at;Logistik;{'PHP', 'Yoast SEO', 'Elementor', 'jQuery Migrate', 'WordPress', 'Bootstrap', 'MySQL', 'Apache', 'Lodash', 'jQuery', 'Swiper Slider', 'Google Tag Manager', 'Font Awesome'}
http://www.venz.at;Logistik;{'Lodash', 'Google Cloud', 'Polyfill', 'React', 'Wix'}
http://www.vitotransporte.com;Logistik;{'Nginx'}
http://www.wahl-gmbh.at;Logistik;{'Jimdo', 'Nginx'}
http://www.waki-trans.at;Logistik;{'PHP', 'animate.css', 'Joomla', 'Bootstrap', 'jQuery', 'Leaflet', 'Font Awesome'}
http://www.sos-weba.at;Logistik;{'PHP', 'jQuery Migrate', 'Elementor', 'WordPress', 'MySQL', 'Apache', 'jQuery', 'Google Font API', 'Swiper Slider', 'Font Awesome'}
http://www.wellpack.at;Logistik;{'PHP', 'Yoast SEO', 'animate.css', 'Nginx', 'WordPress', 'reCAPTCHA', 'Bootstrap', 'MySQL', 'jQuery', 'OWL Carousel', 'Google Tag Manager'}
http://www.team-wolf.at;Logistik;{'Apache', 'FrontPage'}
http://www.wolfmedia.at;Logistik;{'Lodash', 'Google Cloud', 'Polyfill', 'React', 'Wix'}
http://www.zitt-trans.at;Logistik;{'TrackJs'}
http://www.zobl-transporte.at;Logistik;{'Nginx', 'Plesk'}
http://www.bghbau.at;Logistik;{'Nginx'}
http://www.videkanjic.at;Logistik;{'Apache', 'Google Font API'}
http://www.erdbewegung-braunias.at;Logistik;{'Google Tag Manager'}
http://www.one-more.at;Logistik;{'Apache', 'MyWebsite'}
http://www.arnostaxi.com;Logistik;{'jQuery Mobile', 'PHP', 'Yoast SEO', 'WordPress', 'MySQL', 'Google Maps', 'Apache', 'jQuery', 'YouTube'}
http://www.art-med.co.at;Logistik;{'Apache'}
http://mayr-bagger-und-transport.stadtausstellung.at;Logistik;{'script.aculo.us', 'Nginx', 'Ubuntu', 'Prototype'}
http://www.helwacht.at;Logistik;{'PHP', 'WordPress', 'MySQL', 'Flickity', 'Apache', 'jQuery', 'Font Awesome'}
http://stranig.fordpartner.at;Logistik;{'Varnish', 'Nginx'}
http://www.botendienst-danler.at;Logistik;{'Apache', 'jQuery', 'Prototype', 'Font Awesome'}
http://www.nostsolution.at;Logistik;{'Apache', 'PHP', 'Vue.js'}
http://www.dagnlineatrans.at;Logistik;{'PHP', 'Yoast SEO', 'jQuery Migrate', 'Nginx', 'WordPress', 'Lightbox', 'MySQL', 'jQuery'}
http://www.dex.co.at;Logistik;{'Nginx', 'Plesk'}
http://www.senitza.at;Logistik;{'Nginx'}
http://www.erdtrans.at;Logistik;{'TYPO3 CMS', 'PHP', 'Google Tag Manager', 'Platform.sh'}
http://www.beton.at;Logistik;{'PHP', 'Neos CMS', 'Neos Flow'}
http://www.euro-line.at;Logistik;{'Lua', 'OpenResty', 'Nginx'}
http://www.holzrec.at;Logistik;{'PHP', 'Cookiebot', 'animate.css', 'jQuery UI', 'Apache', 'jQuery'}
http://www.bauer-holz.co.at;Logistik;{'Apache'}
http://www.hte-gruppe.at;Logistik;{'TrackJs'}
http://www.isar-schotter.com;Logistik;{'Apache', 'TYPO3 CMS', 'PHP'}
http://www.its.or.at;Logistik;{'jQuery', 'PHP', 'jQuery Migrate', 'Nginx', 'WordPress', 'MySQL'}
http://www.jung-trans.at;Logistik;{'Bootstrap', 'MooTools', 'Apache', 'jQuery', 'Google Font API', 'Debian'}
http://www.hojas-ht.at;Logistik;{'TYPO3 CMS', 'PHP', 'Nginx', 'Lightbox', 'jQuery'}
http://www.massivstein.at;Logistik;{'Apache'}
http://www.burg-trans.at;Logistik;{'Nginx'}
http://www.kitz-trans.at;Logistik;{'TrackJs'}
http://www.kran-mitt.at;Logistik;{'TrackJs'}
http://www.ksk-logistik.com;Logistik;{'Slick', 'TYPO3 CMS', 'PHP', 'jQuery UI', 'animate.css', 'Nginx', 'Lightbox', 'Bootstrap', 'jQuery', 'Leaflet', 'Font Awesome'}
http://www.llt.at;Logistik;{'PHP', 'Yoast SEO', 'jQuery Migrate', 'Underscore.js', 'WordPress', 'Lightbox', 'MySQL', 'Apache', 'jQuery', 'Chart.js', 'Google Tag Manager'}
http://www.lts-neuninger.at;Logistik;{'TYPO3 CMS', 'jQuery', 'PHP', 'Nginx', 'Bootstrap'}
http://www.moll-logistik.at;Logistik;{'Backbone.js', 'jQuery Migrate', 'PHP', 'Underscore.js', 'WordPress', 'MySQL', 'Google Font API', 'Font Awesome', 'Slick', 'Yoast SEO', 'Elementor', 'Apache', 'jQuery', 'Swiper Slider', 'W3 Total Cache', 'reCAPTCHA'}
http://www.mts-transport.at;Logistik;{'Apache', 'YouTube'}
http://www.nuritransport.at;Logistik;{'PHP', 'Yoast SEO', 'animate.css', 'jQuery Migrate', 'WordPress', 'MySQL', 'Google Maps', 'Apache', 'jQuery', 'Google Font API', 'Revslider'}
http://www.obir-holz.at;Logistik;{'PHP', 'jQuery Migrate', 'Joomla', 'Bootstrap', 'MooTools', 'Apache', 'jQuery', 'YouTube'}
http://www.pkm-muldenzentrale.at;Logistik;{'Slick', 'PHP', 'Modernizr', 'Nginx', 'WordPress', 'Lightbox', 'Bootstrap', 'MySQL', 'jQuery'}
http://www.poll-nussbaumer.com;Logistik;{'PHP', 'Yoast SEO', 'Elementor', 'animate.css', 'WordPress', 'jQuery Migrate', 'MySQL', 'Apache', 'jQuery', 'Font Awesome'}
http://www.rent-ex.at;Logistik;{'PHP', 'jQuery Migrate', 'Elementor', 'WordPress', 'MySQL', 'Apache', 'jQuery', 'Leaflet', 'Font Awesome'}
http://www.resi-trans.at;Logistik;{'Apache', 'jQuery', 'PHP', 'jQuery Migrate', 'WordPress', 'MySQL'}
http://www.sako.at;Logistik;{'PHP', 'Yoast SEO', 'jQuery Migrate', 'Nginx', 'WordPress', 'WP Rocket', 'MySQL', 'Plesk', 'jQuery', 'FancyBox', 'FlexSlider'}
http://www.scancargo.at;Logistik;{'Nginx'}
http://www.taxi-stockinger.at;Logistik;{'TrackJs'}
http://www.timi-trans.at;Logistik;{'Apache', 'PHP'}
http://www.wat-transporte.at;Logistik;{'Apache'}
http://www.wsa.co.at;Logistik;{'PHP', 'Yoast SEO', 'jQuery Migrate', 'Nginx', 'WordPress', 'WP Rocket', 'MySQL', 'Plesk', 'jQuery', 'FancyBox', 'FlexSlider', 'reCAPTCHA', 'Font Awesome'}
http://www.wsg-logistik.at;Logistik;{'TrackJs'}
http://www.graz-taxi.at;Logistik;{'Apache', 'jQuery', 'PHP', 'WordPress', 'MySQL', 'reCAPTCHA'}
http://www.reinigungsexpress.at;Logistik;{'PHP', 'Yoast SEO', 'Elementor', 'Modernizr', 'WordPress', 'jQuery Migrate', 'Ionicons', 'MySQL', 'Apache', 'jQuery', 'Revslider', 'GSAP', 'Swiper Slider', 'Font Awesome'}
http://www.zotztransporte.com;Logistik;{'PHP', 'jQuery Migrate', 'Joomla', 'Bootstrap', 'MooTools', 'Apache', 'jQuery', 'Font Awesome'}
http://www.ruefbau.com/steinbruch;Logistik;{'PHP', 'Nginx'}
http://www.baumart.co.at;Logistik;{'TrackJs'}
http://www.winfafenster.at;Logistik;{'PHP', 'jQuery Migrate', 'WordPress', 'MySQL', 'Apache', 'jQuery', 'Google Font API'}
http://www.bichlerbau.at;Logistik;{'Apache', 'jQuery', 'PHP', 'WordPress', 'MySQL'}
http://www.seyrtrans.at;Logistik;{'PHP', 'Yoast SEO', 'jQuery Migrate', 'WordPress', 'MySQL', 'Apache', 'jQuery', 'Google Font API', 'W3 Total Cache'}
http://www.brabenetz.at;Logistik;{'Apache'}
http://www.greilagrar.at;Logistik;{'Nginx', 'Font Awesome'}
http://michaelfrank.at;Logistik;{'Apache'}
http://www.tschann.at;Logistik;{'PHP', 'Yoast SEO', 'animate.css', 'jQuery Migrate', 'WordPress', 'MySQL', 'Apache', 'jQuery', 'Google Font API', 'Revslider', 'Chart.js', 'Google Tag Manager', 'Font Awesome'}
http://www.kampel.at;Logistik;{'PHP', 'Yoast SEO', 'Modernizr', 'jQuery Migrate', 'WordPress', 'Lightbox', 'Bootstrap', 'MySQL', 'Apache', 'jQuery', 'Google Font API', 'Revslider', 'Font Awesome'}
http://www.reindlgebr.at;Logistik;{'Nginx', 'Google Font API'}
http://www.erhart-transporte.at;Logistik;{'PHP', 'jQuery Migrate', 'WordPress', 'MySQL', 'Apache', 'jQuery', 'Google Font API'}
http://www.stummer.cc;Logistik;{'Jimdo', 'Nginx'}
http://www.reinbold.at;Logistik;{'PHP', 'Modernizr', 'WordPress', 'MySQL', 'Apache', 'jQuery', 'Google Font API'}
http://www.abs24.eu;Logistik;{'Jimdo', 'Nginx'}
http://www.kult34.at;Logistik;{'TrackJs'}
http://www.log24.at;Logistik;{'PHP', 'Yoast SEO', 'jQuery Migrate', 'Nginx', 'WordPress', 'Lightbox', 'MySQL', 'jQuery'}
http://www.aes.wien;Logistik;{'OpenSSL', 'animate.css', 'Python', 'reCAPTCHA', 'Bootstrap', 'Perl', 'mod_python', 'Apache', 'jQuery', 'mod_perl', 'Ubuntu', 'Osano'}
http://www.afs-austria.at;Logistik;{'PHP', 'jQuery UI', 'Nginx', 'Bootstrap', 'jQuery', 'Osano'}
http://www.agt-trans.at;Logistik;{'Nginx'}
http://www.alpha-huf.at;Logistik;{'Apache'}
http://www.antrak.at;Logistik;{'jQuery', 'PHP', 'jQuery Migrate', 'Nginx', 'WordPress', 'MySQL'}
http://www.antrans.at;Logistik;{'Lodash', 'Google Cloud', 'Polyfill', 'React', 'Wix'}
http://www.anymax.at;Logistik;{'Jimdo', 'Nginx'}
http://www.astra-bioprojekte.at;Logistik;{'Jimdo', 'Nginx'}
http://www.altenhuber.com;Logistik;{'Apache', 'Debian'}
http://www.ats-trans.com;Logistik;{'Slick', 'PHP', 'Nginx', 'Contao', 'jQuery', 'Cart Functionality'}
http://www.baldauflogistik.at;Logistik;{'Nginx', 'Plesk'}
http://www.bergeservice.at;Logistik;set()
http://www.bitcargo.net;Logistik;{'Nginx', 'MyWebsite'}
http://www.tours.at;Logistik;{'Lodash', 'Google Cloud', 'Polyfill', 'React', 'Wix'}
http://www.der-autodoktor.at;Logistik;{'PHP', 'jQuery Migrate', 'WordPress', 'MySQL', 'Apache', 'jQuery', 'Google Font API', 'Revslider', 'Google Tag Manager', 'Font Awesome'}
http://www.mulden-express.at;Logistik;{'Apache', 'jQuery', 'PHP', 'jQuery Migrate', 'WordPress', 'MySQL'}
http://www.eco-base.eu;Logistik;{'Nginx'}
http://www.carservis.at;Logistik;{'Lodash', 'Google Cloud', 'Polyfill', 'React', 'Wix'}
http://www.friwa.info;Logistik;{'Apache', 'PHP', 'Elementor', 'WordPress', 'MySQL', 'Font Awesome'}
http://www.bauer-transport.at;Logistik;{'PHP', 'Yoast SEO', 'Elementor', 'jQuery Migrate', 'WordPress', 'MySQL', 'Flickity', 'Apache', 'jQuery', 'Font Awesome'}
http://www.petrides-transport.at;Logistik;{'PHP', 'jQuery Migrate', 'Elementor', 'Nginx', 'WordPress', 'MySQL', 'Flickity', 'jQuery', 'Google Font API', 'Swiper Slider', 'Font Awesome'}
http://www.bauring.at;Logistik;{'IIS', 'Windows Server', 'Plesk', 'Google Maps', 'jQuery', 'FancyBox', 'Microsoft ASP.NET'}
http://www.lte-group.eu;Logistik;{'Apache', 'jQuery', 'Ubuntu', 'Font Awesome'}
http://www.metrans.eu;Logistik;{'PHP', 'jQuery Migrate', 'Elementor', 'WordPress', 'MySQL', 'jQuery', 'Cloudflare', 'Google Font API', 'Font Awesome'}
http://www.michal-transporte.at;Logistik;{'Apache', 'jQuery', 'PHP', 'jQuery Migrate', 'WordPress', 'MySQL'}
http://www.new-angels.at;Logistik;{'TrackJs'}
http://www.piccardi.com;Logistik;{'React'}
http://www.sffautomotive.com;Logistik;{'Cloudflare', 'Next.js', 'React', 'Node.js', 'webpack'}
http://vmmaxgo.eu;Logistik;{'Apache'}
http://www.citykebablinz.at;Logistik;{'IIS', 'Windows Server'}
http://www.bonifer.at;Logistik;{'Apache', 'Google Tag Manager', 'Google Maps'}
http://www.bernegger.at;Logistik;{'PHP', 'jQuery Migrate', 'Nginx', 'Joomla', 'Bootstrap', 'jQuery', 'Google Font API'}
http://www.danubia-speicherei.at;Logistik;{'Lodash', 'Google Cloud', 'Polyfill', 'React', 'Wix'}
http://www.derborger.at;Logistik;{'Facebook', 'Google Tag Manager'}
http://www.heavylog.at;Logistik;{'jQuery', 'Nginx', 'FlexSlider', 'ZURB Foundation'}
http://www.hhb-bau.at;Logistik;{'Cloudflare', 'Nginx', 'Lua', 'Vue.js', 'OpenResty'}
http://www.hst-bautrans.at;Logistik;{'Jimdo', 'Nginx'}
http://www.isc-bautechnik.at;Logistik;{'Microsoft ASP.NET', 'IIS', 'Windows Server', 'jQuery'}
http://www.bauprofi-wagner.at;Logistik;{'Apache', 'TYPO3 CMS', 'PHP'}
http://www.kareb-iveco.at;Logistik;{'TrackJs'}
http://www.normbeton.at;Logistik;{'TrackJs'}
http://www.scf-logistik.at;Logistik;{'PHP', 'jQuery Migrate', 'Modernizr', 'WordPress', 'MySQL', 'Apache', 'jQuery', 'WooCommerce', 'Google Font API'}
http://www.autotransport.at;Logistik;{'TrackJs'}
http://ani-co.at;Logistik;{'Apache'}
http://www.cfc-cargo.at;Logistik;{'Nginx', 'PHP', 'Joomla', 'MooTools'}
http://www.towntotown.net;Logistik;{'Modernizr', 'animate.css', 'Bootstrap', 'Apache', 'jQuery', 'Google Font API', 'OWL Carousel'}
http://www.cosictransporte.at;Logistik;{'PHP', 'WordPress', 'Bootstrap', 'MySQL', 'Apache', 'jQuery', 'Google Font API', 'Font Awesome'}
http://www.ra-adam.at;Logistik;{'Nginx', 'Plesk'}
http://www.pizzeriakebaphouse.at;Logistik;{'Moment.js', 'Varnish', 'Nginx', 'Tealium', 'Lua', 'basket.js', 'jQuery', 'Moment Timezone', 'OpenResty', 'Font Awesome'}
http://www.enercont.at;Logistik;{'Nginx'}
http://www.gtm-logistics.com;Logistik;{'PHP', 'jQuery Migrate', 'Elementor', 'WordPress', 'Bootstrap', 'WP Rocket', 'MySQL', 'Apache', 'jQuery', 'Google Font API', 'Font Awesome'}
http://www.itclogistik.at;Logistik;{'Bootstrap', 'Ionicons', 'Apache', 'jQuery', 'Google Font API'}
http://www.intecma.at;Logistik;{'PHP', 'jQuery Migrate', 'Nginx', 'WordPress', 'MySQL', 'Plesk', 'jQuery', 'Google Font API', 'Revslider'}
http://www.itm-construction.at;Logistik;{'Nginx'}
http://www.cancola.at;Logistik;{'Lodash', 'Google Cloud', 'Polyfill', 'React', 'Wix'}
http://www.moreconsulting.at;Logistik;{'Backbone.js', 'jQuery Migrate', 'PHP', 'Underscore.js', 'WordPress', 'Bootstrap', 'MySQL', 'Apache', 'jQuery', 'Google Font API', 'Font Awesome'}
http://www.nlt-cargo.at;Logistik;{'animate.css', 'Nginx', 'Bootstrap', 'jQuery', 'OWL Carousel', 'Select2', 'Font Awesome'}
http://www.petschl-transporte.at;Logistik;{'PHP', 'Yoast SEO', 'jQuery Migrate', 'Nginx', 'WordPress', 'Lightbox', 'MySQL', 'jQuery', 'Revslider', 'OWL Carousel', 'Font Awesome'}
http://www.renica.at;Logistik;{'PHP', 'Yoast SEO', 'Modernizr', 'jQuery Migrate', 'WordPress', 'Lightbox', 'Bootstrap', 'MySQL', 'Apache', 'jQuery', 'Google Font API', 'Revslider', 'Font Awesome'}
http://www.oeamtc.at;Logistik;{'Varnish', 'Nginx', 'Google Tag Manager'}
http://www.automotive-logistik-schachinger.com;Logistik;{'IIS', 'Windows Server', 'Microsoft ASP.NET'}
http://www.the-circuit.eu;Logistik;{'PHP', 'jQuery UI', 'animate.css', 'Nginx', 'Contao', 'jQuery', 'Font Awesome'}
http://www.cargotaxi.at;Logistik;{'Apache', 'Ubuntu'}
http://www.agendax.eu;Logistik;{'Apache'}
http://www.auto-dea.at;Logistik;{'Webflow', 'PHP', 'WordPress', 'MySQL', 'Apache', 'Google Font API', 'jsDelivr'}
http://www.erdoedi.at;Logistik;{'Nginx'}
http://www.fmtrans.at;Logistik;{'Google Tag Manager'}
http://www.audi-klaus.at;Logistik;{'Apache'}
http://www.speedarena.at;Logistik;{'Apache', 'YouTube', 'RequireJS'}
http://www.spindler-bau.at;Logistik;{'PHP', 'Yoast SEO', 'jQuery Migrate', 'Nginx', 'WordPress', 'reCAPTCHA', 'Bootstrap', 'MySQL', 'jQuery', 'jsDelivr'}
http://www.stradner.info;Logistik;{'PHP', 'Nginx', 'WordPress', 'MySQL', 'WordPress Super Cache', 'jQuery', 'Google Font API', 'reCAPTCHA'}
http://www.adlerlog.net;Logistik;{'Nginx', 'Plesk'}
http://www.awoe.at;Logistik;{'Nginx'}
http://www.baggerungen-berger.at;Logistik;{'Bootstrap', 'Font Awesome', 'jQuery', 'Google Font API', 'Vue.js', 'Osano'}
http://www.baufeld-austria.com;Logistik;{'PHP', 'Yoast SEO', 'jQuery Migrate', 'WordPress', 'MySQL', 'Apache', 'jQuery', 'Ubuntu'}
http://www.erdbewegung-berger.com;Logistik;{'PHP', 'Yoast SEO', 'jQuery Migrate', 'WordPress', 'MySQL', 'Apache', 'jQuery', 'Cart Functionality', 'Swiper Slider', 'jQuery Mobile', 'W3 Total Cache', 'Font Awesome'}
http://www.transporte-bickel.at;Logistik;{'Jimdo', 'Nginx'}
http://www.brp-erdbau.at;Logistik;{'PHP', 'jQuery Migrate', 'WordPress', 'Lightbox', 'MySQL', 'Apache', 'jQuery', 'Google Font API', 'Revslider'}
http://www.burger-transporte.at;Logistik;{'Varnish', 'Bootstrap', 'jQuery', 'OneTrust', 'Google Tag Manager', 'Font Awesome'}
http://www.dgm-erdbau.at;Logistik;{'animate.css', 'Lightbox', 'Bootstrap', 'Apache', 'jQuery'}
http://www.efr.at;Logistik;{'PHP', 'jQuery Migrate', 'Elementor', 'WordPress', 'MySQL', 'Flickity', 'Apache', 'jQuery', 'Osano', 'Google Font API', 'Swiper Slider', 'Google Tag Manager', 'Font Awesome'}
http://www.extra-moebelpacker.at;Logistik;{'PHP', 'jQuery Migrate', 'WordPress', 'Bootstrap', 'MySQL', 'Apache', 'jQuery'}
http://www.erc.or.at;Logistik;{'PHP', 'WordPress', 'Bootstrap', 'MySQL', 'Google Maps', 'jQuery', 'Google Font API', 'Revslider', 'OWL Carousel', 'W3 Total Cache', 'Select2', 'reCAPTCHA', 'Font Awesome'}
http://www.nm-e.com;Logistik;{'PHP', 'jQuery Migrate', 'Yoast SEO', 'Nginx', 'WordPress', 'MySQL', 'jQuery'}
http://www.eiltransporte-minichmair.at;Logistik;{'PHP', 'Cookiebot', 'Yoast SEO', 'jQuery Migrate', 'WordPress', 'Ionicons', 'MySQL', 'Apache', 'jQuery', 'Revslider', 'Font Awesome'}
http://www.bachner-bau.at;Logistik;{'Modernizr', 'Bootstrap', 'Apache', 'jQuery', 'OWL Carousel', 'Font Awesome'}
http://www.transportefrauendorfer.at;Logistik;{'PHP', 'animate.css', 'WordPress', 'MySQL', 'Apache', 'jQuery', 'Google Font API', 'Revslider'}
http://www.gruber-klb.at;Logistik;{'PHP', 'Yoast SEO', 'jQuery Migrate', 'WordPress', 'MySQL', 'Apache', 'jQuery', 'Cart Functionality', 'jQuery Mobile', 'Google Tag Manager'}
http://www.gruber-logistics.com;Logistik;{'PHP', 'Yoast SEO', 'Modernizr', 'animate.css', 'WordPress', 'jQuery Migrate', 'jQuery UI', 'reCAPTCHA', 'MySQL', 'jQuery', 'Google Font API', 'Google Tag Manager', 'Font Awesome'}
http://www.spedition-haiger.at;Logistik;{'animate.css', 'Modernizr', 'Bootstrap', 'Apache', 'jQuery', 'Google Font API'}
http://www.hangoebl.at;Logistik;{'Slick', 'PHP', 'Yoast SEO', 'animate.css', 'jQuery Migrate', 'WP-Statistics', 'WordPress', 'Bootstrap', 'MySQL', 'Apache', 'jQuery', 'Revslider', 'reCAPTCHA'}
http://www.imd-erdbau.at;Logistik;{'Modernizr', 'animate.css', 'Bootstrap', 'Apache', 'jQuery', 'OWL Carousel', 'Font Awesome'}
http://keskeat.wordpress.com;Logistik;{'MySQL', 'PHP', 'Nginx', 'WordPress'}
http://erdbau-transporte.tirol;Logistik;{'Nginx'}
http://www.kies.at;Logistik;{'Slick', 'PHP', 'Yoast SEO', 'jQuery Migrate', 'WordPress', 'reCAPTCHA', 'MySQL', 'Apache', 'Lodash', 'Cart Functionality', 'WooCommerce', 'jQuery', 'Google Tag Manager'}
http://www.kop-entsorgungen.at;Logistik;{'Apache', 'MyWebsite'}
http://www.spedition.at;Logistik;{'PHP', 'Yoast SEO', 'jQuery Migrate', 'Nginx', 'WordPress', 'MySQL', 'Plesk', 'jQuery', 'Revslider', 'Font Awesome'}
http://www.musger.at;Logistik;{'PHP', 'Yoast SEO', 'Elementor', 'Nginx', 'WordPress', 'jQuery Migrate', 'MySQL', 'jQuery', 'reCAPTCHA', 'Font Awesome'}
http://www.nt-beton.at;Logistik;{'IIS', 'Windows Server', 'Plesk', 'jQuery', 'Google Font API', 'Microsoft ASP.NET', 'OWL Carousel', 'Font Awesome'}
http://www.oziexpress.com;Logistik;{'PHP', 'jQuery Migrate', 'Yoast SEO', 'WordPress', 'MySQL', 'Apache', 'jQuery'}
http://www.route66tattoo.at;Logistik;{'PHP', 'jQuery Migrate', 'WordPress', 'MySQL', 'Apache', 'jQuery', 'Google Font API'}
http://www.sayexpress.at;Logistik;{'PHP', 'jQuery Migrate', 'WordPress', 'MySQL', 'Apache', 'jQuery', 'Google Font API'}
http://www.schneider-peklar.at;Logistik;{'PHP', 'Yoast SEO', 'Modernizr', 'jQuery Migrate', 'WordPress', 'Nginx', 'Lightbox', 'Lua', 'Bootstrap', 'MySQL', 'jQuery', 'Revslider', 'YouTube', 'OpenResty', 'reCAPTCHA', 'Font Awesome'}
http://www.strong-umzug.at;Logistik;{'PHP', 'Yoast SEO', 'Elementor', 'WordPress', 'MySQL', 'Apache', 'jQuery', 'Google Font API', 'Font Awesome'}
http://www.tafrent.com;Logistik;{'Apache', 'jQuery', 'Bootstrap', 'jsDelivr'}
http://tbk-express.at;Logistik;{'Lightbox', 'Bootstrap', 'Apache', 'jQuery', 'scrollreveal', 'Google Font API'}
http://www.trimex.at;Logistik;{'PHP', 'jQuery Migrate', 'Underscore.js', 'WordPress', 'MySQL', 'Apache', 'jQuery', 'ZURB Foundation', 'Google Tag Manager', 'Font Awesome'}
http://www.vertex.at;Logistik;{'MySQL', 'PHP', 'WordPress', 'LiteSpeed', 'Litespeed Cache', 'Font Awesome'}
http://www.weilertrans.at;Logistik;{'Apache'}
http://www.wenzel-logistics.com;Logistik;{'PHP', 'jQuery Migrate', 'Elementor', 'WordPress', 'MySQL', 'Apache', 'jQuery', 'Google Font API', 'Google Tag Manager'}
http://www.winter-transporte.at;Logistik;{'Nginx', 'Plesk'}
http://www.tte.at;Logistik;{'Apache', 'PHP', 'Cookie Script', 'WordPress', 'YouTube', 'MySQL'}
http://www.agrofresh.co.at;Logistik;{'Apache', 'jQuery', 'Modernizr'}
http://www.ctc-trans.at;Logistik;{'Apache', 'jQuery'}
http://www.fms.co.at;Logistik;{'PHP', 'jQuery Migrate', 'WordPress', 'Bootstrap', 'MySQL', 'Apache', 'jQuery', 'Ubuntu'}
http://www.iwd-gmbh.at;Logistik;{'PHP', 'jQuery Migrate', 'animate.css', 'Nginx', 'WordPress', 'Bootstrap', 'MySQL', 'jQuery', 'Revslider', 'Font Awesome'}
http://www.mitter.at;Logistik;{'SWFObject', 'jQuery Migrate', 'Modernizr', 'Nginx', 'WordPress', 'PHP', 'Bootstrap', 'MySQL', 'Google Maps', 'jQuery', 'Google Font API', 'YouTube', 'Font Awesome'}
http://www.forstservice-kopfing.at;Logistik;{'jQuery Migrate', 'Nginx', 'Bootstrap', 'jQuery', 'UIKit', 'Font Awesome'}
http://www.ahs-reinigung.at;Logistik;{'PHP', 'jQuery UI', 'Nginx', 'Contao', 'jQuery', 'Google Font API'}
http://www.csm-umzug.at;Logistik;{'Apache', 'jQuery', 'PHP', 'WordPress', 'All in One SEO Pack', 'MySQL'}
http://www.kralowetz.com;Logistik;{'jQuery Migrate', 'jQuery UI', 'Apache', 'jQuery', 'Google Font API'}
http://www.gartnerkg.com;Logistik;{'Apache', 'TYPO3 CMS', 'PHP', 'Cookiebot', 'Google Tag Manager'}
http://www.glmore.com;Logistik;{'Apache', 'Osano', 'Google Font API', 'Font Awesome'}
http://www.gvz.co.at;Logistik;{'OpenSSL', 'SWFObject', 'jQuery Migrate', 'jQuery UI', 'mod_jk', 'Bootstrap', 'Slimbox 2', 'Apache', 'jQuery', 'Apache Tomcat', 'Debian', 'Java', 'Font Awesome'}
http://www.itg.at;Logistik;{'IIS', 'Windows Server', 'Microsoft ASP.NET'}
http://www.ins-transporte.at;Logistik;{'Bootstrap', 'Ionicons', 'Apache', 'jQuery', 'FancyBox', 'OWL Carousel', 'Font Awesome'}
http://www.jkt.at;Logistik;{'PHP', 'jQuery Migrate', 'Nginx', 'WordPress', 'Lua', 'MySQL', 'jQuery', 'Google Font API', 'OWL Carousel', 'OpenResty', 'Font Awesome'}
http://www.kamig.at;Logistik;{'Apache', 'jQuery', 'sIFR'}
http://www.thaller-kran.at;Logistik;{'Apache'}
http://www.mit-geruest.at;Logistik;{'Apache'}
http://www.globalmail.at;Logistik;{'Lodash', 'Google Cloud', 'Polyfill', 'React', 'Wix'}
http://www.nmb-logistik.at;Logistik;{'Apache'}
http://www.pistenservice.net;Logistik;{'jQuery UI', 'Nginx', 'Bootstrap', 'jQuery', 'jsDelivr'}
http://www.schwarzmann.org;Logistik;{'Nginx'}
http://www.tse-logistik.at;Logistik;{'Apache', 'MyWebsite'}
http://www.vidag.at;Logistik;{'PHP', 'Yoast SEO', 'WordPress', 'reCAPTCHA', 'MySQL', 'Cloudflare', 'W3 Total Cache', 'Google Tag Manager'}
http://www.vpg-gm.at;Logistik;{'Slick', 'PHP', 'jQuery Migrate', 'Elementor', 'Underscore.js', 'WordPress', 'MySQL', 'Apache', 'jQuery', 'Google Font API', 'Vue.js', 'Font Awesome'}
http://www.welog.at;Logistik;{'PHP', 'Nginx', 'UIKit'}
http://www.wmv-gutschelhofer.at;Logistik;{'IIS', 'Windows Server', 'Microsoft ASP.NET', 'Plesk'}
http://www.3w.cc;Logistik;{'PHP', 'Yoast SEO', 'Elementor', 'WordPress', 'WP Rocket', 'MySQL', 'Apache', 'jQuery', 'Font Awesome'}
http://www.naturstein-konglomerat.com;Logistik;{'Apache', 'PHP', 'Koala Framework', 'Google Tag Manager'}
http://www.fischer-entsorgung.at;Logistik;{'Apache', 'TYPO3 CMS', 'PHP'}
http://www.flash-services.at;Logistik;{'TYPO3 CMS', 'PHP', 'Lightbox', 'Apache', 'jQuery', 'Debian'}
http://freshline-europe.com;Logistik;{'PHP', 'animate.css', 'WordPress', 'MySQL', 'Apache', 'jQuery', 'Google Font API', 'Revslider'}
http://www.geschwandtner.at;Logistik;{'PHP', 'jQuery Migrate', 'animate.css', 'WordPress', 'Bootstrap', 'MySQL', 'jQuery', 'Cloudflare', 'Google Font API', 'OWL Carousel', 'Google Tag Manager', 'Font Awesome'}
http://www.transporte-holzer.at;Logistik;{'Apache', 'RequireJS'}
http://www.hsh-transquick.at;Logistik;{'Apache', 'MyWebsite'}
http://www.hubermuldenservice.at;Logistik;{'Apache', 'PHP', 'Element UI', 'WordPress', 'UIKit', 'Vue.js', 'MySQL'}
http://www.paketlogistik.at;Logistik;{'Apache'}
http://www.hochreiter.cc;Logistik;{'PHP', 'Yoast SEO', 'Elementor', 'WordPress', 'WP Rocket', 'MySQL', 'Apache', 'jQuery'}
http://www.aigner-leichtfried.at;Logistik;{'PHP', 'jQuery Migrate', 'Elementor', 'WordPress', 'MySQL', 'Flickity', 'Apache', 'jQuery', 'Font Awesome'}
http://www.erdbau-sailer.at;Logistik;{'TrackJs'}
http://www.oberndorfer.at;Logistik;{'Apache', 'PHP', 'Drupal'}
https://www.resch-trans.com/;Logistik;{'PHP', 'Nginx'}
http://www.reschtrans.at;Logistik;{'PHP', 'WordPress', 'Lightbox', 'MySQL', 'Apache', 'jQuery', 'Google Font API', 'reCAPTCHA', 'Font Awesome'}
http://www.sgs-foodservice.at;Logistik;{'OpenSSL', 'PHP', 'UNIX', 'Modernizr', 'Apache', 'jQuery', 'mod_ssl', 'Zend', 'Google Font API'}
http://tek-hauser.jimdo.com;Logistik;{'Jimdo', 'Nginx', 'Google Tag Manager'}
http://www.tga-haustechnik.at;Logistik;{'SWFObject', 'Nginx', 'Plesk'}
http://www.hauszusteller.at;Logistik;{'Apache', 'jQuery', 'PHP', 'jQuery Migrate', 'WordPress', 'MySQL'}
http://www.trawoeger.net;Logistik;{'PHP', 'Cookiebot', 'animate.css', 'WordPress', 'Bootstrap', 'MySQL', 'Apache', 'jQuery'}
http://www.hochwarter.com;Logistik;{'PHP', 'Yoast SEO', 'jQuery Migrate', 'Nginx', 'WordPress', 'MySQL', 'WordPress Super Cache', 'jQuery'}
http://www.alfaisal.at;Logistik;{'GoDaddy Website Builder'}
http://isik-ali-transporte-gmbh.business.site;Logistik;{'Google Plus', 'Google Analytics', 'Google Font API'}
http://www.astria.at;Logistik;{'jQuery UI', 'Modernizr', 'basket.js', 'Bootstrap', 'Apache', 'jQuery', 'Font Awesome'}
http://www.atomic-sped.at;Logistik;{'PHP', 'Yoast SEO', 'Modernizr', 'Nginx', 'Underscore.js', 'WordPress', 'animate.css', 'jQuery Migrate', 'Bootstrap', 'MySQL', 'jQuery', 'FancyBox', 'Google Font API', 'Revslider', 'OWL Carousel', 'Font Awesome'}
http://www.bardino.eu;Logistik;{'PHP', 'WordPress', 'prettyPhoto', 'Bootstrap', 'MySQL', 'Google Maps', 'Apache', 'jQuery', 'Revslider', 'OWL Carousel', 'Select2', 'Font Awesome'}
http://www.depiero-schrott.at;Logistik;{'Lightbox', 'Bootstrap', 'Apache', 'jQuery', 'Font Awesome'}
http://www.gloriette-reinigungsdienst.at;Logistik;{'Google Tag Manager'}
http://www.intime-transporte.at;Logistik;{'Apache'}
http://www.kti-transporte.at;Logistik;{'Apache'}
http://www.kitt.at;Logistik;{'Jimdo', 'Nginx'}
http://www.loomis.com;Logistik;set()
http://www.loomis.at;Logistik;{'IIS', 'PHP', 'Yoast SEO', 'jQuery Migrate', 'Windows Server', 'WordPress', 'MySQL', 'jQuery'}
http://www.marbi.at;Logistik;{'Cloudflare'}
http://www.mhm.co.at;Logistik;{'Apache', 'TYPO3 CMS', 'PHP', 'Google Font API'}
http://www.anhaenger-miete.at;Logistik;{'Apache', 'jQuery', 'PHP', 'WordPress', 'MySQL'}
http://www.saexinger.at;Logistik;{'Apache', 'TYPO3 CMS', 'jQuery', 'PHP', 'YouTube', 'Bootstrap'}
http://www.schmid-transporte.at;Logistik;{'PHP', 'jQuery Migrate', 'Elementor', 'WordPress', 'WP Rocket', 'MySQL', 'Apache', 'jQuery', 'Cart Functionality', 'Font Awesome'}
http://www.neugeformte-erde.at;Logistik;{'Jimdo', 'Nginx'}
http://www.spezialservice.at;Logistik;{'PHP', 'jQuery Migrate', 'Elementor', 'Nginx', 'WordPress', 'MySQL', 'jQuery', 'Google Font API', 'Font Awesome'}
http://www.sussitz.co.at;Logistik;{'Nginx'}
http://swobitruck.at;Logistik;{'PHP', 'jQuery Migrate', 'animate.css', 'WordPress', 'DataTables', 'MySQL', 'Apache', 'WordPress Super Cache', 'jQuery', 'Google PageSpeed', 'Revslider', 'reCAPTCHA', 'Font Awesome'}
http://www.hufnageltransporte.at;Logistik;{'Apache', 'jQuery', 'PHP', 'Joomla', 'MooTools'}
http://www.tsgsped.net;Logistik;{'Apache', 'Cookiebot', 'MyWebsite'}
http://www.grillnberger.co.at;Logistik;{'RequireJS', 'Nginx'}
http://www.jansky-lagerei.at;Logistik;{'Apache'}
http://www.jansen-transporte.at;Logistik;{'Nginx', 'MyWebsite'}
http://www.direkt.biz;Logistik;{'PHP', 'jQuery Migrate', 'Yoast SEO', 'Nginx', 'WordPress', 'MySQL', 'jQuery'}
http://www.ge-ak.at;Logistik;{'Apache', 'jQuery', 'Prototype', 'Font Awesome'}
http://www.glocknermoving.at;Logistik;{'PHP', 'jQuery Migrate', 'WordPress', 'Bootstrap', 'MySQL', 'Apache', 'jQuery', 'WooCommerce', 'Google Font API', 'Revslider', 'OWL Carousel', 'Google Tag Manager', 'Font Awesome'}
http://www.kk-busreisen.at;Logistik;{'OpenSSL', 'PHP', 'Modernizr', 'Bootstrap', 'Apache', 'jQuery', 'FancyBox'}
http://www.kva-ziegler.at;Logistik;{'PHP', 'Elementor', 'WordPress', 'WP Rocket', 'MySQL', 'Apache', 'jQuery', 'Swiper Slider', 'Font Awesome'}
http://www.r-k.at;Logistik;{'PHP', 'jQuery Migrate', 'WordPress', 'MySQL', 'Apache', 'jQuery', 'Google Font API'}
http://www.lkw-stark.at;Logistik;{'jQuery Migrate', 'Modernizr', 'jQuery UI', 'Lightbox', 'prettyPhoto', 'Apache', 'jQuery'}
http://www.wuk-transporte.com;Logistik;{'Jimdo', 'Nginx'}
http://www.aul.at;Logistik;{'Squarespace'}
http://www.ateladenok.at;Logistik;{'PHP', 'animate.css', 'WordPress', 'MySQL', 'Apache', 'jQuery', 'Google Font API', 'Revslider'}
http://www.bltrans.at;Logistik;{'Nginx'}
http://www.bsslogistik.at;Logistik;{'PHP', 'jQuery Migrate', 'WordPress', 'MySQL', 'Apache', 'jQuery', 'Font Awesome'}
http://www.dmlogistik.at;Logistik;{'Slick', 'animate.css', 'Bootstrap', 'Apache', 'jQuery', 'OWL Carousel', 'Font Awesome'}
http://www.almazan.at;Logistik;{'PHP', 'jQuery Migrate', 'Nginx', 'WordPress', 'Lightbox', 'MySQL', 'jQuery', 'Google Font API', 'Revslider', 'Swiper Slider', 'reCAPTCHA'}
http://www.logistikpartner.at;Logistik;{'Apache', 'TYPO3 CMS', 'PHP', 'jQuery'}
http://www.eralogistik.at;Logistik;{'Apache'}
http://www.fals-transport.com;Logistik;{'Lightbox', 'Bootstrap', 'Apache', 'jQuery', 'OWL Carousel'}
http://www.fhe-logistik.at;Logistik;{'PHP', 'jQuery Migrate', 'Elementor', 'WordPress', 'MySQL', 'Apache', 'jQuery', 'Google Font API', 'Font Awesome'}
http://gulyas-zsolt-kfz-service.business.site;Logistik;set()
http://www.grossfurtner.at;Logistik;{'PHP', 'animate.css', 'WordPress', 'MySQL', 'Apache', 'jQuery', 'OWL Carousel', 'Font Awesome'}
http://www.hensl.at;Logistik;{'Apache'}
http://www.hst-logistik.at;Logistik;{'Nginx', 'Google Font API', 'Plesk'}
http://ipc-logistik.com;Logistik;set()
http://www.jcl-logistics.com;Logistik;{'Apache', 'jQuery', 'PHP', 'WordPress', 'Revslider', 'MySQL'}
http://www.kep-logistik.at;Logistik;{'PHP', 'jQuery Migrate', 'Elementor', 'WordPress', 'MySQL', 'Apache', 'jQuery', 'Google Font API', 'Font Awesome'}
http://www.knoll-logistik.at;Logistik;{'Apache', 'PHP', 'Pimcore', 'Google Tag Manager'}
http://www.lamelif-trans.com;Logistik;{'PHP', 'WordPress', 'Bootstrap', 'MySQL', 'Apache', 'jQuery'}
http://www.lbk-logistik.eu;Logistik;{'OpenSSL', 'PHP', 'FreeBSD', 'jQuery Migrate', 'WordPress', 'MySQL', 'Apache', 'jQuery', 'Google Font API'}
http://www.lsb.co.at;Logistik;{'PHP', 'jQuery Migrate', 'Elementor', 'WordPress', 'MySQL', 'Apache', 'jQuery', 'Font Awesome'}
http://www.lts-lenz.at;Logistik;{'MySQL', 'PHP', 'WordPress', 'LiteSpeed', 'Litespeed Cache'}
http://www.lz-haid.at;Logistik;{'PHP', 'jQuery Migrate', 'Joomla', 'Bootstrap', 'jQuery', 'Font Awesome'}
http://www.nierlich.net;Logistik;{'PHP', 'Modernizr', 'Nginx', 'jQuery', 'Cart Functionality'}
http://www.pex-logistics.com;Logistik;{'Nginx', 'Google Analytics'}
http://www.rgo.at;Logistik;{'Apache', 'Bloomreach', 'Cart Functionality'}
http://www.riegler-holzschlaegerungen.at;Logistik;{'Jimdo', 'Nginx'}
http://www.ringl.net;Logistik;{'jQuery', 'Nginx', 'Lightbox', 'Bootstrap'}
http://www.seclogistics.at;Logistik;{'TYPO3 CMS', 'PHP', 'Nginx', 'Lightbox', 'Plesk', 'script.aculo.us', 'Prototype'}
http://www.srclogistics.at;Logistik;{'TYPO3 CMS', 'PHP', 'Nginx', 'Lightbox', 'Plesk', 'script.aculo.us', 'Prototype'}
http://www.stadler-kies.at;Logistik;{'Apache', 'ZURB Foundation'}
http://www.meinhaus.co.at;Logistik;{'Nginx'}
http://www.stl-logistics.at;Logistik;{'Apache', 'TYPO3 CMS', 'PHP'}
http://www.t-d-l.com;Logistik;{'SWFObject', 'Nginx', 'Plesk'}
http://www.sped-thomas.at;Logistik;{'Slick', 'PHP', 'Yoast SEO', 'Elementor', 'jQuery Migrate', 'Underscore.js', 'WordPress', 'Bootstrap', 'MySQL', 'Apache', 'jQuery', 'Google Font API', 'OWL Carousel', 'Google Tag Manager', 'Font Awesome'}
http://www.tka.co.at;Logistik;{'Slick', 'PHP', 'animate.css', 'Joomla', 'Bootstrap', 'MooTools', 'Google Maps', 'Apache', 'jQuery', 'jsDelivr', 'Font Awesome'}
http://www.tkl.at;Logistik;{'PHP', 'Nginx', 'WordPress', 'ZURB Foundation', 'MySQL'}
http://www.toplogistik.com;Logistik;{'PHP', 'jQuery Migrate', 'Modernizr', 'WordPress', 'prettyPhoto', 'Bootstrap', 'WP Rocket', 'MySQL', 'Apache', 'jQuery', 'Revslider', 'Font Awesome'}
http://www.twl-logistik.com;Logistik;{'PHP', 'Nginx', 'WordPress', 'MySQL', 'Font Awesome'}
http://www.alfom.at;Logistik;{'Apache', 'PHP', 'CentOS', 'OpenSSL'}
http://www.bemo.at;Logistik;{'Nginx'}
http://www.fcc-group.eu;Logistik;{'jQuery', 'IIS', 'Windows Server', 'Microsoft ASP.NET', 'reCAPTCHA'}
http://www.gsm-matschnig.at;Logistik;{'Lodash', 'Google Cloud', 'Polyfill', 'React', 'Wix'}
http://www.hoedlmayr.com;Logistik;{'TYPO3 CMS', 'Amazon Cloudfront', 'PHP', 'Nginx', 'Amazon Web Services'}
http://www.ibm-transporte-brandstetter.at;Logistik;{'Apache', 'MyWebsite'}
http://www.kostmann-transporte.at;Logistik;{'Nginx', 'Plesk'}
http://www.lzs.at;Logistik;{'Apache', 'TYPO3 CMS', 'jQuery', 'PHP', 'Modernizr'}
http://www.mgmlogistik.at;Logistik;{'Slick', 'PHP', 'animate.css', 'Bootstrap', 'Apache', 'jQuery', 'Google Font API', 'OWL Carousel'}
http://www.mbr-recycling.at;Logistik;{'Jimdo', 'Nginx'}
http://www.obermair-transporte.at;Logistik;{'PHP', 'jQuery UI', 'Nginx', 'Contao', 'jQuery'}
http://www.siiam.at;Logistik;{'Lodash', 'Google Cloud', 'Polyfill', 'React', 'Wix'}
http://www.beton-trans.at;Logistik;{'Apache', 'jQuery', 'GSAP', 'OWL Carousel', 'Osano'}
http://www.eibinger-transporte.at;Logistik;{'PHP', 'jQuery Migrate', 'Elementor', 'WordPress', 'Bootstrap', 'MySQL', 'Apache', 'jQuery', 'Google Font API', 'Font Awesome'}
http://www.apothekenbedarf.at;Logistik;{'IIS', 'Windows Server', 'Bootstrap', 'jQuery', 'Google Font API', 'Microsoft ASP.NET', 'Font Awesome'}
http://www.greenx2energy.at;Logistik;{'PHP', 'jQuery Migrate', 'Modernizr', 'WordPress', 'MySQL', 'Google Font API', 'Chart.js', 'Font Awesome', 'Slick', 'Yoast SEO', 'Nginx', 'prettyPhoto', 'Ionicons', 'jQuery', 'Revslider', 'OWL Carousel'}
http://www.hasenoehrl.at;Logistik;{'PHP', 'jQuery Migrate', 'animate.css', 'WordPress', 'MySQL', 'Apache', 'jQuery', 'YouTube'}
http://www.kafender.at;Logistik;{'TYPO3 CMS', 'PHP', 'animate.css', 'Bootstrap', 'Google Maps', 'Apache', 'jQuery', 'OWL Carousel', 'Font Awesome'}
http://www.klein-autoteile.at;Logistik;{'PHP', 'jQuery Migrate', 'Elementor', 'Nginx', 'WordPress', 'MySQL', 'jQuery', 'OWL Carousel', 'Google Tag Manager', 'Font Awesome'}
http://www.koman.at;Logistik;{'jQuery', 'Cookiebot', 'Nginx'}
http://www.kovanda.at;Logistik;{'PHP', 'jQuery Migrate', 'WordPress', 'MySQL', 'Apache', 'WordPress Super Cache', 'jQuery'}
http://www.lebinger.net;Logistik;{'Apache'}
http://www.leitner-spedition.com;Logistik;{'TYPO3 CMS', 'jQuery', 'PHP', 'Nginx', 'Font Awesome'}
http://www.leitnertransporte.at;Logistik;{'Apache'}
http://www.marinkovic-transporte.at;Logistik;{'Modernizr', 'Bootstrap', 'Apache', 'jQuery', 'Google Font API', 'Font Awesome'}
http://www.taxi208.at;Logistik;{'Nginx'}
http://www.schindel-holz.com;Logistik;{'Apache', 'TYPO3 CMS', 'PHP', 'jQuery'}
http://www.sofinex.at;Logistik;{'PHP', 'jQuery Migrate', 'Elementor', 'WordPress', 'MySQL', 'Apache', 'jQuery', 'Google Font API', 'Swiper Slider', 'reCAPTCHA', 'Font Awesome'}
http://www.steindorfer.com;Logistik;{'PHP', 'jQuery Migrate', 'WordPress', 'MySQL', 'Apache', 'jQuery', 'Google Font API', 'Revslider', 'Debian'}
http://www.steineder-sped.at;Logistik;{'TrackJs'}
http://www.artbox-graz.com;Logistik;{'Apache'}
http://www.cardoc.at;Logistik;{'jQuery UI', 'Lightbox', 'DataTables', 'Apache', 'jQuery', 'Font Awesome'}
http://www.cargoflex.at;Logistik;{'PHP', 'jQuery Migrate', 'WordPress', 'prettyPhoto', 'MySQL', 'Apache', 'jQuery', 'Google Font API', 'Revslider'}
http://www.cargotransport.at;Logistik;{'Apache', 'PHP', 'Yoast SEO', 'WordPress', 'WP Rocket', 'MySQL'}
http://www.cargowell.at;Logistik;{'PHP', 'jQuery Migrate', 'animate.css', 'WordPress', 'WP Rocket', 'MySQL', 'Apache', 'jQuery', 'jQuery Mobile'}
http://www.conmovex.com;Logistik;{'Lodash', 'Google Cloud', 'Polyfill', 'React', 'Wix'}
http://www.diewo.at;Logistik;{'Apache'}
http://www.diskontdepot.at;Logistik;{'Apache', 'TYPO3 CMS', 'PHP'}
http://www.europapier.at;Logistik;{'Apache', 'PHP', 'Glyphicons', 'Pimcore', 'Google Tag Manager'}
http://www.hellotrans.at;Logistik;{'PHP', 'Yoast SEO', 'animate.css', 'WordPress', 'MySQL', 'Apache', 'W3 Total Cache'}
http://www.herzog-transport.at;Logistik;{'PHP', 'jQuery Migrate', 'Elementor', 'Svelte', 'WordPress', 'MySQL', 'Apache', 'jQuery', 'Google Font API', 'Debian'}
http://www.m24-expresscargo.at;Logistik;{'jQuery UI', 'Modernizr', 'Bootstrap', 'Apache', 'jQuery', 'OWL Carousel', 'reCAPTCHA'}
http://www.moltobene.at;Logistik;{'jQuery Migrate', 'jQuery UI', 'jQuery', 'FancyBox', 'Supersized'}
http://www.mopro.at;Logistik;{'Apache', 'jQuery', 'Osano'}
http://www.neuhofer-holz.at;Logistik;{'jQuery Migrate', 'Nginx', 'Bootstrap', 'jQuery', 'Google Font API', 'Google Tag Manager', 'Font Awesome'}
http://www.spedos.at;Logistik;{'Apache'}
http://www.steko-trans.at;Logistik;{'YouTube', 'TrackJs'}
http://www.tarrody.at;Logistik;{'PHP', 'jQuery Migrate', 'WordPress', 'Bootstrap', 'MySQL', 'Apache', 'jQuery', 'WooCommerce', 'Google Font API', 'Revslider', 'OWL Carousel', 'Font Awesome'}
http://www.tirlog.at;Logistik;{'PHP', 'Cookiebot', 'Modernizr', 'Yoast SEO', 'WordPress', 'animate.css', 'jQuery Migrate', 'MySQL', 'Apache', 'jQuery', 'Revslider', 'YouTube', 'Ubuntu'}
http://www.logistik.pfeiffer.at;Logistik;{'PHP', 'jQuery Migrate', 'Nginx', 'WordPress', 'Lightbox', 'Bootstrap', 'MySQL', 'jQuery'}
http://www.service-umzug-wien.at;Logistik;{'Slick', 'PHP', 'jQuery Migrate', 'Nginx', 'WordPress', 'Lightbox', 'Bootstrap', 'MySQL', 'jQuery', 'Revslider', 'Select2', 'jsDelivr', 'Font Awesome'}
http://www.umzug-profi-wien.at;Logistik;{'Apache', 'Google Tag Manager', 'Google Font API', 'Font Awesome'}
http://www.gartenservice-pool.at;Logistik;{'Apache', 'jQuery', 'Google Font API'}
http://www.dsd-pharma.com;Logistik;{'PHP', 'Yoast SEO', 'Nginx', 'WordPress', 'Underscore.js', 'MySQL', 'jQuery'}
http://www.eco-park.eu;Logistik;{'jQuery Migrate', 'Bootstrap', 'Apache', 'jQuery', 'Font Awesome', 'Osano'}
http://www.perfektatrans.at;Logistik;{'PHP', 'jQuery Migrate', 'Modernizr', 'Nginx', 'animate.css', 'Joomla', 'Bootstrap', 'MooTools', 'jQuery', 'Google Font API', 'Font Awesome'}
http://www.knusperstube.at;Logistik;{'Apache', 'jQuery', 'PHP', 'Elementor', 'WordPress', 'MySQL'}
http://www.mupsped.at;Logistik;{'Nginx'}
http://www.peinsipp.net;Logistik;{'Apache'}
http://www.aldrian.at;Logistik;{'TYPO3 CMS', 'PHP', 'Nginx', 'Bootstrap', 'jQuery', 'Google Font API', 'OWL Carousel', 'Font Awesome'}
http://www.adler-transport.at;Logistik;{'Slick', 'PHP', 'jQuery Migrate', 'WordPress', 'MySQL', 'Apache', 'jQuery', 'Google Font API', 'Font Awesome'}
http://aldar-gmbh.business.site;Logistik;set()
http://www.atereiter.at;Logistik;{'IIS', 'Windows Server', 'Google Font API', 'Microsoft ASP.NET'}
http://www.baker-transporte.at;Logistik;{'PHP', 'jQuery Migrate', 'WordPress', 'MySQL', 'Apache', 'jQuery', 'Google Font API', 'jsDelivr'}
http://www.bauerkartoffel.at;Logistik;{'Bootstrap', 'Apache', 'jQuery', 'OWL Carousel', 'Osano'}
http://www.bopart.com;Logistik;{'PHP', 'jQuery Migrate', 'animate.css', 'Nginx', 'WordPress', 'Lightbox', 'MySQL', 'Plesk', 'jQuery', 'W3 Total Cache'}
http://www.brm-recycling.at;Logistik;{'PHP', 'jQuery Migrate', 'Elementor', 'Nginx', 'Underscore.js', 'WordPress', 'MySQL', 'jQuery', 'Google Font API', 'Google Tag Manager', 'Font Awesome'}
http://www.erhart-trans.com;Logistik;{'Bootstrap', 'Apache', 'jQuery', 'Cart Functionality', 'Leaflet', 'OWL Carousel', 'jsDelivr'}
http://www.hrspedition.com;Logistik;{'PHP', 'Cookiebot', 'Yoast SEO', 'jQuery Migrate', 'WordPress', 'TrackJs', 'Ionicons', 'MySQL', 'Apache', 'jQuery', 'Font Awesome'}
http://www.hodar.info;Logistik;{'Nginx'}
http://www.itr-office.at;Logistik;{'Apache', 'jQuery', 'PHP', 'Bootstrap'}
http://www.immorist.at;Logistik;{'PHP', 'Yoast SEO', 'Elementor', 'Nginx', 'WordPress', 'MySQL', 'Google Font API', 'Font Awesome'}
http://www.ita-transport.at;Logistik;{'Varnish'}
http://www.joseratrans.at;Logistik;{'Apache', 'jQuery', 'Bootstrap', 'Font Awesome'}
http://www.schneckenreither.com;Logistik;{'Moment.js', 'PHP', 'Yoast SEO', 'jQuery Migrate', 'WordPress', 'TrackJs', 'MySQL', 'Apache', 'jQuery', 'WooCommerce', 'jQuery Mobile'}
http://www.kolar.co.at;Logistik;{'IIS', 'Windows Server'}
http://www.kronreifbau.com;Logistik;{'Nginx', 'Bootstrap', 'jQuery', 'Swiper Slider', 'Font Awesome'}
http://www.lenardin-erdbau.at;Logistik;{'Google Tag Manager'}
http://www.leorabel.at;Logistik;{'Nginx', 'Plesk'}
http://www.neier-transporte.at;Logistik;{'Lightbox', 'jQuery', 'PHP', 'Nginx'}
http://www.kanalservice-salzburg.at;Logistik;{'YouTube', 'Google Tag Manager'}
http://www.redergroup.at;Logistik;{'Apache', 'PHP', 'Drupal'}
http://www.redertrans.at;Logistik;{'Apache', 'PHP', 'Drupal'}
http://www.stanreisen.at;Logistik;{'PHP', 'jQuery Migrate', 'Elementor', 'WordPress', 'MySQL', 'Apache', 'jQuery', 'Google Font API', 'reCAPTCHA', 'Font Awesome'}
http://www.truckcentersued.at;Logistik;{'PHP', 'Yoast SEO', 'jQuery Migrate', 'WordPress', 'TrackJs', 'Lightbox', 'MySQL', 'Apache', 'jQuery', 'Google Font API', 'Revslider', 'Google Tag Manager'}
http://www.tm-transporte.at;Logistik;{'PHP', 'jQuery Migrate', 'Underscore.js', 'TrackJs', 'Lightbox', 'WordPress', 'MySQL', 'Apache', 'jQuery', 'Google Font API', 'Font Awesome'}
http://www.vog.at;Logistik;{'Apache'}
http://www.zuser.at;Logistik;{'Slick', 'Bootstrap', 'Apache', 'jQuery', 'Google Font API', 'Font Awesome'}
http://www.acl-transport.at;Logistik;{'PHP', 'jQuery Migrate', 'Modernizr', 'WordPress', 'MySQL', 'Apache', 'jQuery', 'Google Font API', 'Revslider', 'Google Tag Manager'}
http://www.fino.wien;Logistik;{'Google Cloud', 'Wix', 'Lodash', 'Cart Functionality', 'Polyfill', 'React'}
http://www.atlas-transporte.at;Logistik;{'PHP', 'Yoast SEO', 'jQuery Migrate', 'WordPress', 'MySQL', 'Apache', 'jQuery', 'Google Tag Manager'}
http://www.dfa.at;Logistik;{'Nginx', 'MooTools', 'Ubuntu'}
http://www.drossos.net;Logistik;{'PHP', 'jQuery Migrate', 'Elementor', 'WordPress', 'MySQL', 'jQuery', 'Cloudflare', 'Google Font API', 'Vue.js', 'Font Awesome'}
http://www.dts-solution.at;Logistik;{'IIS', 'MailChimp', 'Windows Server', 'Microsoft ASP.NET', 'Plesk'}
http://www.ego.co.at;Logistik;{'jQuery', 'Modernizr', 'Nginx', 'Plesk'}
http://www.est-spedition.at;Logistik;{'Apache', 'jQuery'}
http://www.etp-transporte.at;Logistik;{'Apache', 'Debian', 'Microsoft Word'}
http://www.fmsolution.at;Logistik;{'PHP', 'Yoast SEO', 'Elementor', 'jQuery Migrate', 'WordPress', 'Lightbox', 'MySQL', 'Flickity', 'Apache', 'jQuery', 'Google Font API', 'Swiper Slider', 'Font Awesome'}
http://www.fuchshuber.com;Logistik;{'Apache', 'jQuery'}
http://www.greinecker.at;Logistik;{'PHP', 'Google Cloud', 'Yoast SEO', 'Nginx', 'WordPress', 'MySQL', 'jQuery', 'Google Tag Manager'}
http://www.unterberger-transport.at;Logistik;{'PHP', 'jQuery Migrate', 'Modernizr', 'animate.css', 'WordPress', 'Lightbox', 'prettyPhoto', 'Bootstrap', 'MySQL', 'Google Maps', 'Apache', 'jQuery', 'Revslider', 'Swiper Slider', 'OWL Carousel', 'Chart.js', 'Font Awesome'}
http://transportehasenauer.members.cablelink.at;Logistik;{'Google Web Server'}
http://www.htbsondertransport.at;Logistik;{'PHP', 'jQuery Migrate', 'Elementor', 'Underscore.js', 'WordPress', 'Lightbox', 'MySQL', 'Flickity', 'Apache', 'jQuery', 'Google Font API', 'Font Awesome'}
http://www.ita-transporte.at;Logistik;{'SWFObject', 'jQuery Migrate', 'PHP', 'WordPress', 'TrackJs', 'MySQL', 'Apache', 'jQuery', 'Google Font API', 'Supersized', 'Debian'}
http://www.jetsetlimousine.at;Logistik;{'Slick', 'PHP', 'jQuery Migrate', 'animate.css', 'WordPress', 'MySQL', 'Apache', 'jQuery', 'Google Font API', 'Revslider', 'Font Awesome'}
http://www.kinastberger-transporte.at;Logistik;{'Apache', 'jQuery', 'Modernizr'}
http://www.steilhangprofi.at;Logistik;{'jQuery Migrate', 'Bootstrap', 'Apache', 'jQuery', 'Font Awesome', 'Osano'}
http://www.luisser-trans.com;Logistik;{'Apache', 'jQuery', 'SWFObject'}
http://www.eu-neufahrzeuge.at;Logistik;{'Nginx'}
http://www.24h-reifendienst.at;Logistik;{'Lodash', 'Google Cloud', 'Polyfill', 'React', 'Wix'}
http://www.stechauner.eu;Logistik;{'jQuery Migrate', 'jQuery UI', 'Bootstrap', 'Bulma', 'Apache', 'jQuery', 'Google Font API', 'jsDelivr', 'Font Awesome'}
http://www.msg-spedition.at;Logistik;{'PHP', 'jQuery Migrate', 'Nginx', 'WordPress', 'MySQL', 'jQuery', 'Leaflet', 'Google Font API', 'Revslider'}
http://www.baumeister.or.at;Logistik;{'Lodash', 'Google Cloud', 'Polyfill', 'React', 'Wix'}
http://www.mvt-spedition.at;Logistik;{'Jimdo', 'Nginx'}
http://www.marcher.at;Logistik;{'Apache'}
http://www.rft-spedition.at;Logistik;{'PHP', 'jQuery Migrate', 'WordPress', 'MySQL', 'Apache', 'jQuery', 'Debian', 'jQuery Mobile'}
http://www.rls-services.at;Logistik;{'Backbone.js', 'Yoast SEO', 'Elementor', 'jQuery Migrate', 'Underscore.js', 'WordPress', 'PHP', 'MySQL', 'Apache', 'jQuery', 'Cart Functionality', 'Google Font API', 'Font Awesome'}
http://www.rmc-service.com;Logistik;{'PHP', 'animate.css', 'WordPress', 'Bootstrap', 'MySQL', 'Apache', 'jQuery', 'FlexSlider', 'OWL Carousel'}
http://www.fruitservices.at;Logistik;{'Apache', 'RequireJS'}
http://www.sks-stapler.at;Logistik;{'IIS', 'jQuery UI', 'Modernizr', 'Windows Server', 'Bootstrap', 'jQuery', 'FlexSlider', 'Osano', 'OWL Carousel', 'reCAPTCHA', 'Font Awesome'}
http://www.schaubach.at;Logistik;{'Contao', 'jQuery', 'PHP', 'jQuery UI', 'Nginx'}
http://strulick.at;Logistik;{'Lodash', 'Google Cloud', 'Polyfill', 'React', 'Wix'}
http://www.timesped.at;Logistik;{'PHP', 'Cookiebot', 'Platform.sh', 'Pimcore', 'Google Tag Manager'}
http://www.trans-trade.at;Logistik;{'PHP', 'Yoast SEO', 'Elementor', 'Nginx', 'Underscore.js', 'WordPress', 'jQuery Migrate', 'MySQL', 'jQuery', 'Swiper Slider', 'Font Awesome'}
http://www.strobltransag.com;Logistik;{'IIS', 'Windows Server', 'Microsoft ASP.NET'}
http://www.trans-agrar-unterland.at;Logistik;{'Apache'}
http://www.transeko.at;Logistik;{'Slick', 'PHP', 'Yoast SEO', 'Modernizr', 'jQuery Migrate', 'WordPress', 'MySQL', 'Apache', 'jQuery', 'Google Font API', 'reCAPTCHA'}
http://www.transkona.at;Logistik;{'PHP', 'Yoast SEO', 'jQuery UI', 'Nginx', 'WordPress', 'prettyPhoto', 'MySQL', 'jQuery', 'NextGEN Gallery'}
http://www.wattaul.com;Logistik;{'PHP', 'Varnish', 'Modernizr', 'Yoast SEO', 'WordPress', 'jQuery Migrate', 'Lightbox', 'Bootstrap', 'MySQL', 'Apache', 'jQuery'}
http://www.transport-koenig.at;Logistik;{'PHP', 'Lightbox', 'Bootstrap', 'Ionicons', 'Joomla', 'Apache', 'jQuery', 'OWL Carousel', 'jsDelivr', 'Google Tag Manager', 'Font Awesome'}
http://www.mietwerkstatt-mele.at;Logistik;{'PHP', 'jQuery Migrate', 'WordPress', 'prettyPhoto', 'MySQL', 'Apache', 'jQuery', 'Google Font API', 'Revslider'}
http://www.mb-trans.com;Logistik;{'PHP', 'jQuery Migrate', 'Nginx', 'WordPress', 'Bootstrap', 'MySQL', 'jQuery', 'jQuery Mobile', 'Font Awesome'}
https://www.123-transporter.at/;Logistik;{'Google Sign-in', 'Nginx', 'Node.js', 'Nuxt.js', 'Vue.js', 'jsDelivr'}
http://www.al-transport.at;Logistik;{'Google Font API', 'Google Maps'}
http://www.amtransport.at;Logistik;{'Nginx'}
http://www.akl-transporte.at;Logistik;{'Apache'}
http://www.amv-saugbagger.at;Logistik;{'PHP', 'jQuery Migrate', 'Yoast SEO', 'WordPress', 'MySQL', 'Apache', 'jQuery'}
http://www.arf-transporte.at;Logistik;{'Lodash', 'Google Cloud', 'Polyfill', 'React', 'Wix'}
http://www.terminfracht.at;Logistik;{'Apache', 'jQuery', 'Google Font API'}
http://www.bitschnau.biz;Logistik;{'Apache', 'Contao', 'jQuery', 'jQuery UI', 'PHP'}
http://www.bautrans.cc;Logistik;{'Nginx'}
http://www.bff-transporte.at;Logistik;{'Slick', 'PHP', 'jQuery Migrate', 'animate.css', 'WordPress', 'Bootstrap', 'MySQL', 'Apache', 'jQuery', 'Revslider', 'Font Awesome'}
http://www.bht.at;Logistik;{'TrackJs'}
http://www.cms-transporte.at;Logistik;{'Lodash', 'Google Cloud', 'Polyfill', 'React', 'Wix'}
http://cwa-transporte.at;Logistik;{'Lodash', 'Google Cloud', 'Polyfill', 'React', 'Wix'}
http://www.d-j-t.at;Logistik;{'PHP', 'Yoast SEO', 'jQuery Migrate', 'Nginx', 'WordPress', 'MySQL', 'jQuery', 'Google Font API', 'Revslider', 'Font Awesome'}
http://www.energiedirect.at;Logistik;{'PHP', 'Shopware', 'MySQL', 'Apache', 'jQuery', 'Cart Functionality', 'Symfony', 'Google Tag Manager'}
http://www.resi.at/dextrans;Logistik;{'Apache', 'Google Analytics'}
http://www.dsb-transport.at;Logistik;{'Apache', 'Debian', 'PHP'}
http://www.edw-transport.at;Logistik;{'Apache', 'PHP'}
http://edw-transport.com;Logistik;{'Nginx'}
http://www.eko-transporte.at;Logistik;{'Apache', 'YouTube', 'RequireJS'}
http://www.lonski.at;Logistik;{'PHP', 'jQuery Migrate', 'Nginx', 'WordPress', 'MySQL', 'jQuery', 'Google Font API'}
http://www.end-transport.at;Logistik;{'animate.css', 'Modernizr', 'Bootstrap', 'Apache', 'jQuery', 'Google Font API'}
http://www.amererair.com;Logistik;{'MySQL', 'jQuery', 'WordPress', 'Nginx', 'jQuery Migrate', 'Elementor', 'PHP', 'Font Awesome'}
http://www.areatrans.at;Logistik;{'Apache'}
http://www.auer-abfallwirtschaft.at;Logistik;{'Joomla', 'jQuery', 'MooTools', 'PHP', 'Apache'}
http://www.auerbau.at;Logistik;{'GSAP', 'OWL Carousel', 'Lightbox', 'MySQL', 'Select2', 'Revslider', 'WordPress', 'jQuery', 'Nginx', 'Bootstrap', 'PHP', 'Font Awesome'}
http://www.auer-kfz.at;Logistik;{'jQuery', 'WordPress', 'jQuery Migrate', 'PHP', 'Apache', 'MySQL'}
http://www.auerbau.at;Logistik;{'GSAP', 'OWL Carousel', 'Lightbox', 'MySQL', 'Select2', 'Revslider', 'WordPress', 'jQuery', 'Nginx', 'Bootstrap', 'PHP', 'Font Awesome'}
http://www.auer-trans.com;Logistik;{'Nginx'}
http://www.auer-hehenberg.at;Logistik;{'jQuery', 'WordPress', 'PHP', 'Apache', 'MySQL'}
http://www.auer-garsten.at;Logistik;{'MySQL', 'WP Rocket', 'Yoast SEO', 'WordPress', 'jQuery', 'Nginx', 'jQuery Migrate', 'WooCommerce', 'PHP', 'Nette Framework'}
http://www.auerbau.at;Logistik;{'GSAP', 'OWL Carousel', 'Lightbox', 'MySQL', 'Select2', 'Revslider', 'WordPress', 'jQuery', 'Nginx', 'Bootstrap', 'PHP', 'Font Awesome'}
http://www.auertransporte.at;Logistik;{'Nginx'}
http://www.auerbau.at;Logistik;{'GSAP', 'OWL Carousel', 'Lightbox', 'MySQL', 'Select2', 'Revslider', 'WordPress', 'jQuery', 'Nginx', 'Bootstrap', 'PHP', 'Font Awesome'}
http://www.bidi-trans.at;Logistik;{'reCAPTCHA', 'MySQL', 'jQuery', 'Clipboard.js', 'WordPress', 'jQuery Migrate', 'PHP'}
http://www.breitfuss.at;Logistik;{'Google Font API', 'Google Maps', 'MySQL', 'SWFObject', 'jQuery UI', 'WordPress', 'jQuery', 'Nginx', 'jQuery Migrate', 'Modernizr', 'Bootstrap', 'PHP', 'Font Awesome'}
http://www.pirker-transporte.at;Logistik;{'jQuery', 'PHP', 'Apache', 'TYPO3 CMS', 'Slick'}
http://www.checkrobin.com;Logistik;{'Font Awesome', 'jQuery', 'Google Tag Manager', 'Nginx', 'Bootstrap', 'OWL Carousel'}
http://www.the-transporters.com;Logistik;{'TrackJs'}
http://www.rohringer.com;Logistik;{'Apache', 'animate.css', 'MySQL', 'WordPress', 'jQuery', 'jQuery Migrate', 'Elementor', 'PHP', 'Font Awesome'}
http://www.cresnik-transporte.at;Logistik;{'OWL Carousel', 'Apache', 'Lightbox', 'jQuery', 'Bootstrap', 'PHP', 'Debian', 'TYPO3 CMS', 'Font Awesome'}
http://www.moedlinger-saubermacher.at;Logistik;{'PHP', 'Debian', 'Apache', 'TYPO3 CMS'}
http://www.wertsiedler.at;Logistik;{'Lodash', 'React', 'Polyfill', 'Google Cloud', 'Wix'}
http://cafe-global.com;Logistik;{'Apache'}
http://www.dkt-transportservice.com;Logistik;{'Apache', 'MyWebsite', 'Cart Functionality'}
http://www.petandpeople.at;Logistik;{'YouTube', 'Apache', 'MyWebsite'}
http://www.eberl-holztransport.at;Logistik;{'Nginx'}
http://www.eder-roland.at;Logistik;{'Apache', 'Lightbox', 'jQuery', 'PHP', 'Debian', 'TYPO3 CMS'}
http://www.fiederhell.at;Logistik;{'Plesk', 'Nginx'}
http://www.fiederhell.at;Logistik;{'Plesk', 'Nginx'}
http://www.logex.at;Logistik;{'YouTube', 'Google Maps', 'Nginx', 'reCAPTCHA', 'PHP'}
http://www.fleischhof-raabtal.at;Logistik;{'Apache', 'animate.css', 'MySQL', 'jQuery UI', 'Slick', 'WordPress', 'jQuery', 'jQuery Migrate', 'Modernizr', 'Bootstrap', 'PHP'}
http://www.transporte-freiberger.com;Logistik;{'Apache'}
http://www.freingruber.at;Logistik;{'Google Font API', 'ZURB Foundation', 'prettyPhoto', 'MySQL', 'WordPress', 'jQuery', 'Nginx', 'Twitter', 'jQuery Migrate', 'PHP'}
http://www.freudenthalertransporte.at;Logistik;{'Microsoft ASP.NET', 'Plesk', 'IIS', 'Windows Server'}
http://www.freund-tks.at;Logistik;{'script.aculo.us', 'Prototype', 'Apache', 'SWFObject', 'Lightbox', 'PHP'}
http://www.freytrans.com;Logistik;{'Prototype', 'jQuery', 'Apache', 'Font Awesome'}
http://www.freytrans.com;Logistik;{'Prototype', 'jQuery', 'Apache', 'Font Awesome'}
http://www.transporte-gleinser.at;Logistik;{'animate.css', 'jQuery', 'Nginx', 'Bootstrap', 'Contao', 'Font Awesome', 'PHP'}
http://www.glemmtaler-bau.at;Logistik;{'Apache'}
http://www.glettler.at;Logistik;{'Apache', 'MySQL', 'jQuery', 'WordPress', 'jQuery Migrate', 'PHP'}
http://www.greenway.at;Logistik;{'Lodash', 'React', 'Polyfill', 'Google Cloud', 'Wix'}
http://www.gt-transporte.at;Logistik;{'React'}
http://www.greisinger.com;Logistik;{'Cloudflare', 'Kinsta', 'MySQL', 'Yoast SEO', 'WordPress', 'Google Tag Manager', 'jQuery', 'Modernizr', 'PHP'}
http://www.hierzmann.at;Logistik;{'Google Font API', 'W3 Total Cache', 'OWL Carousel', 'Apache', 'Lightbox', 'MySQL', 'Revslider', 'WordPress', 'jQuery', 'jQuery Migrate', 'Bootstrap', 'PHP', 'Font Awesome', 'Ubuntu'}
http://www.hierzmann.at;Logistik;{'Google Font API', 'W3 Total Cache', 'OWL Carousel', 'Apache', 'Lightbox', 'MySQL', 'Revslider', 'WordPress', 'jQuery', 'jQuery Migrate', 'Bootstrap', 'PHP', 'Font Awesome', 'Ubuntu'}
http://www.hiesingerkarl.at;Logistik;{'TrackJs'}
http://www.huemer-sohn.at;Logistik;{'MySQL', 'Yoast SEO', 'Clipboard.js', 'WordPress', 'Nginx', 'jQuery', 'Elementor', 'jQuery Migrate', 'reCAPTCHA', 'Font Awesome', 'PHP'}
http://www.joebstl.at;Logistik;{'Apache'}
http://www.kienberger-erdbau.at;Logistik;{'Apache', 'MySQL', 'Revslider', 'WordPress', 'jQuery', 'jQuery Migrate', 'PHP', 'Font Awesome'}
http://www.kieswerk-steurer.at;Logistik;{'TrackJs', 'Cart Functionality'}
http://www.holz-kletzl.com;Logistik;{'Apache'}
http://www.transportbau.at;Logistik;{'Joomla', 'MooTools', 'PHP', 'Apache'}
http://www.kremnitzer.co.at;Logistik;{'Google Font API', 'FancyBox', 'jQuery', 'Nginx', 'Modernizr', 'PHP', 'FlexSlider'}
http://www.hackgut.com;Logistik;{'Google Font API', 'Apache', 'Supersized', 'jQuery UI', 'jQuery', 'jQuery Migrate', 'Modernizr', 'PHP'}
http://www.luk.co.at;Logistik;{'Apache', 'animate.css', 'Alpine.js', 'Joomla', 'jQuery', 'jQuery Migrate', 'Osano', 'Bootstrap', 'PHP', 'Font Awesome'}
http://www.liesen.at;Logistik;{'Nginx'}
http://www.liesnig-beton.at;Logistik;{'OWL Carousel', 'Swiper Slider', 'prettyPhoto', 'animate.css', 'MySQL', 'WordPress', 'jQuery', 'Nginx', 'jQuery Migrate', 'Modernizr', 'Bootstrap', 'PHP', 'Font Awesome', 'Chart.js'}
http://agnet.org;Logistik;{'Font Awesome', 'Google Font API', 'Cloudflare', 'MySQL', 'Select2', 'WordPress', 'jQuery', 'jQuery Migrate', 'Bootstrap', 'PHP', 'OWL Carousel'}
http://www.ntex.se/en;Logistik;{'Google Font API', 'webpack', 'React', 'Google Tag Manager', 'Nginx', 'Next.js', 'Node.js', 'Ubuntu'}
http://www.nuener.at;Logistik;{'Lodash', 'React', 'Polyfill', 'Google Cloud', 'Wix'}
http://www.oberer-pellets.at;Logistik;{'Microsoft Word', 'Lightbox', 'jQuery', 'IIS', 'PHP', 'Windows Server'}
http://www.poelzleitner.at;Logistik;{'Lodash', 'React', 'Polyfill', 'Google Cloud', 'Wix'}
http://www.transporte-oberholzer.at;Logistik;{'Lodash', 'React', 'Polyfill', 'Google Cloud', 'Wix'}
http://www.hackmair.at;Logistik;{'TrackJs'}
http://www.hackmair.at;Logistik;{'TrackJs'}
http://www.hackmair.at;Logistik;{'TrackJs'}
http://www.obermair-transporte.at;Logistik;{'jQuery UI', 'jQuery', 'Nginx', 'PHP', 'Contao'}
http://www.transporte-obernberger.at;Logistik;{'TrackJs'}
http://www.oberngruber.at;Logistik;{'Joomla', 'jQuery', 'jQuery Migrate', 'Bootstrap', 'PHP', 'Font Awesome'}
http://www.oberngruber.at;Logistik;{'Joomla', 'jQuery', 'jQuery Migrate', 'Bootstrap', 'PHP', 'Font Awesome'}
http://www.oberngruber.at;Logistik;{'Joomla', 'jQuery', 'jQuery Migrate', 'Bootstrap', 'PHP', 'Font Awesome'}
http://www.oeamtc.at;Logistik;{'Varnish', 'Google Tag Manager', 'Nginx'}
http://www.bockareitstubn.at;Logistik;set()
http://www.oberti.at;Logistik;{'jQuery', 'Lightbox', 'Nginx'}
http://www.oberti.at;Logistik;{'jQuery', 'Lightbox', 'Nginx'}
http://www.one-more.at;Logistik;{'Apache', 'MyWebsite'}
http://www.pfeiffergeruestbau.at;Logistik;{'Webflow', 'jQuery', 'Apache'}
http://www.broos.at;Logistik;{'Debian', 'Apache', 'TYPO3 CMS', 'PHP'}
http://www.pietschnig.co.at;Logistik;{'Apache', 'DreamWeaver'}
http://www.prem-transporte.com;Logistik;{'jQuery', 'WordPress', 'PHP', 'Apache', 'MySQL'}
http://www.presse-logistik.com;Logistik;{'Apache'}
http://www.reitstall-prexl.at;Logistik;{'Nginx'}
http://www.quehenberger.com;Logistik;{'Google Tag Manager', 'Pimcore', 'reCAPTCHA', 'Apache', 'PHP'}
http://www.quehenberger.com;Logistik;{'Google Tag Manager', 'Pimcore', 'reCAPTCHA', 'Apache', 'PHP'}
http://www.siloriedel.at;Logistik;{'Google Maps', 'Lightbox', 'MySQL', 'Yoast SEO', 'WordPress', 'jQuery', 'Osano', 'Bootstrap', 'reCAPTCHA', 'Font Awesome', 'Snap.svg', 'animate.css', 'WP Rocket', 'Plesk', 'Revslider', 'Nginx', 'jQuery Migrate', 'Modernizr', 'PHP', 'OWL Carousel'}
http://www.rieder-transporte.at;Logistik;{'Debian', 'Apache', 'Osano', 'jsDelivr'}
http://www.rieder-transporte.at;Logistik;{'Debian', 'Apache', 'Osano', 'jsDelivr'}
http://www.riedl-fracht.at;Logistik;{'Apache', 'Hammer.js', 'jQuery', 'Modernizr', 'PHP', 'TYPO3 CMS'}
http://www.riedler-kies.at;Logistik;{'jQuery', 'Font Awesome', 'YouTube', 'Bootstrap'}
http://www.tb-riegler.at;Logistik;{'Google Font API', 'All in One SEO Pack', 'Underscore.js', 'Apache', 'Lightbox', 'MySQL', 'WordPress', 'jQuery', 'jQuery Migrate', 'Modernizr', 'PHP'}
http://www.rieglertrans.at;Logistik;{'jQuery', 'Nginx', 'AngularJS', 'PHP', 'MotoCMS', 'Font Awesome'}
http://www.rier.at;Logistik;{'UIKit', 'Plesk', 'jQuery', 'Nginx', 'Bootstrap'}
http://www.auto-seeberger.at;Logistik;{'Lodash', 'React', 'Polyfill', 'Google Cloud', 'Wix'}
http://www.seedorfer.at;Logistik;{'jQuery', 'Lua', 'Nginx', 'OpenResty'}
http://www.seethaler-trans.at;Logistik;{'Apache', 'jQuery UI', 'jQuery', 'CentOS', 'PHP', 'TYPO3 CMS'}
http://www.seethaler-trans.at;Logistik;{'Apache', 'jQuery UI', 'jQuery', 'CentOS', 'PHP', 'TYPO3 CMS'}
http://www.sherpa-sped.com;Logistik;{'Google Maps', 'Apache', 'jQuery', 'Bootstrap', 'PHP', 'Font Awesome'}
http://www.sieba.at;Logistik;{'Nginx'}
http://www.sieber.at;Logistik;{'ZURB Foundation', 'FancyBox', 'Apache', 'jQuery', 'PHP', 'TYPO3 CMS'}
http://www.siedelmax.at;Logistik;{'Google Font API', 'W3 Total Cache', 'Google Maps', 'Apache', 'animate.css', 'MySQL', 'Yoast SEO', 'WordPress', 'jQuery', 'jQuery Migrate', 'Modernizr', 'PHP'}
http://tschanntrans.at;Logistik;{'Apache'}
http://www.erdbausiegl.com;Logistik;set()
http://www.siencnik.at;Logistik;{'Google Font API', 'Apache'}
http://www.wagnergroup.at;Logistik;{'Apache'}
http://www.wagnergroup.at;Logistik;{'Apache'}
http://www.fehringer-umzug.at;Logistik;{'Google Font API', 'Apache', 'MySQL', 'WordPress', 'Google Tag Manager', 'jQuery', 'jQuery Migrate', 'PHP', 'Font Awesome'}
http://www.hauthaler.at;Logistik;{'OWL Carousel', 'animate.css', 'Joomla', 'jQuery', 'Google Tag Manager', 'Nginx', 'jQuery Migrate', 'Modernizr', 'Bootstrap', 'PHP', 'Font Awesome'}
http://www.huber-spedition.com;Logistik;{'jQuery', 'jQuery Migrate', 'Apache', 'jQuery UI'}
http://www.lang-moving.at;Logistik;{'Apache', 'WP Rocket', 'MySQL', 'jQuery UI', 'Slick', 'WordPress', 'jQuery', 'jQuery Migrate', 'PHP', 'Font Awesome'}
http://www.murnig.at;Logistik;{'jQuery', 'Nginx', 'Bootstrap', 'Font Awesome'}
http://www.spedition-neuner.de;Logistik;{'jQuery', 'Swiper Slider', 'Apache', 'Contao', 'PHP'}
http://speedfox.at;Logistik;{'MySQL', 'Yoast SEO', 'WordPress', 'jQuery', 'jQuery Migrate', 'PHP'}
http://www.spedition-sperger.at;Logistik;{'Lightbox', 'MySQL', 'Yoast SEO', 'WordPress', 'jQuery', 'Nginx', 'jQuery Migrate', 'Modernizr', 'Bootstrap', 'PHP'}
http://www.spezialtrans.at;Logistik;{'Google Font API', 'Google Maps', 'Apache', 'jQuery UI', 'jQuery', 'Bootstrap', 'PHP', 'TYPO3 CMS', 'Font Awesome'}
http://www.bs-dienstleistungen.at;Logistik;{'jQuery', 'Lightbox', 'PHP', 'Apache', 'TYPO3 CMS'}
http://www.detter-fruchthof.at;Logistik;{'Squarespace', 'Stimulus', 'Cart Functionality'}
http://www.haslacher.eu;Logistik;{'Lua', 'Nginx', 'OpenResty'}
http://www.abschleppdienst-niedrist.at;Logistik;{'Prototype', 'jQuery', 'Apache', 'Font Awesome'}
http://www.transporte-stefan.at;Logistik;{'Google Font API', 'Font Awesome', 'Swiper Slider', 'MySQL', 'LiteSpeed', 'WordPress', 'Yoast SEO', 'jQuery', 'jQuery Migrate', 'Elementor', 'PHP', 'GSAP'}
http://www.resch-pachler.at;Logistik;{'Nginx'}
http://www.steinbach-group.com;Logistik;{'Apache', 'Magento', 'RequireJS', 'animate.css', 'MySQL', 'Cart Functionality', 'PHP', 'Font Awesome', 'Polyfill'}
http://www.erdbau-steinberger.at;Logistik;{'Apache', 'MySQL', 'Yoast SEO', 'WordPress', 'jQuery', 'jQuery Migrate', 'PHP'}
http://www.thir.at;Logistik;{'Google Font API', 'YouTube', 'Google Maps', 'prettyPhoto', 'Apache', 'MySQL', 'WordPress', 'jQuery', 'jQuery Migrate', 'PHP', 'Font Awesome'}
http://www.steinbruch-gruber.at;Logistik;{'Nginx'}
http://www.harrerbeton.at;Logistik;{'Nginx'}
http://www.harrerbeton.at;Logistik;{'Nginx'}
http://www.containerservice.at;Logistik;{'Windows Server', 'IIS'}
http://www.steiner-baggerungen.at;Logistik;{'MySQL', 'WP Rocket', 'Yoast SEO', 'WordPress', 'Nginx', 'PHP', 'Cart Functionality'}
http://www.krantransporte.at;Logistik;{'Apache'}
http://www.krantransporte.at;Logistik;{'Apache'}
http://www.transporte-steiner.at;Logistik;{'jQuery', 'WordPress', 'PHP', 'Apache', 'MySQL', 'Font Awesome'}
http://www.steiner-erdbau.at;Logistik;{'Nginx'}
http://www.stein-lehner.at;Logistik;{'OWL Carousel', 'Swiper Slider', 'prettyPhoto', 'MySQL', 'WordPress', 'jQuery', 'Nginx', 'jQuery Migrate', 'Modernizr', 'Bootstrap', 'PHP', 'Font Awesome', 'Chart.js'}
http://www.steirerfleisch.at;Logistik;{'Yoast SEO', 'WordPress', 'Nginx', 'PHP', 'MySQL', 'RequireJS'}
http://www.steirerfleisch.at;Logistik;{'Yoast SEO', 'WordPress', 'Nginx', 'PHP', 'MySQL', 'RequireJS'}
http://www.steirische-umweltservice.at;Logistik;{'Google Tag Manager', 'Neos Flow', 'Neos CMS', 'PHP', 'Font Awesome'}
http://www.steirische-umweltservice.at;Logistik;{'Google Tag Manager', 'Neos Flow', 'Neos CMS', 'PHP', 'Font Awesome'}
http://www.steirische-umweltservice.at;Logistik;{'Google Tag Manager', 'Neos Flow', 'Neos CMS', 'PHP', 'Font Awesome'}
http://www.steko-logistik.at;Logistik;{'TrackJs', 'YouTube'}
http://www.steko-trans.at;Logistik;{'TrackJs', 'YouTube'}
http://www.viehhandel-stelzl.at;Logistik;{'Google Font API', 'Joomla', 'jQuery', 'Nginx', 'Bootstrap', 'PHP', 'Font Awesome'}
http://www.steuertransporte.at;Logistik;{'Microsoft ASP.NET', 'Plesk', 'IIS', 'Windows Server'}
http://www.alpenarena.com;Logistik;{'jQuery', 'Google Tag Manager', 'IIS', 'Bootstrap', 'Windows Server'}
http://www.kieswerk-steurer.at;Logistik;{'TrackJs', 'Cart Functionality'}
http://www.kieswerk-steurer.at;Logistik;{'TrackJs', 'Cart Functionality'}
http://www.the-circuit.eu;Logistik;{'animate.css', 'Contao', 'jQuery UI', 'jQuery', 'Nginx', 'PHP', 'Font Awesome'}
http://www.lkw-webersdorfer.at;Logistik;{'Yoast SEO', 'WordPress', 'jQuery', 'PHP', 'Apache', 'MySQL'}
http://www.sgab.at;Logistik;{'Prototype', 'jQuery', 'Apache', 'Font Awesome'}
http://www.spezialbaggerung-theunis.at;Logistik;{'TrackJs'}
http://www.tiefenthaler-transporte.at;Logistik;{'TrackJs'}
http://www.neotrans.at;Logistik;{'Nginx'}
http://www.trendwerk.at;Logistik;{'Apache', 'jQuery', 'Bootstrap', 'PHP', 'TYPO3 CMS', 'Font Awesome'}
http://www.treu-sped.at;Logistik;{'MySQL', 'Yoast SEO', 'WordPress', 'jQuery', 'Nginx', 'jQuery Migrate', 'Bootstrap', 'PHP', 'Font Awesome'}
http://www.uebersiedlungen-fischer.com;Logistik;{'Joomla', 'MooTools', 'Plesk', 'Nginx', 'jQuery', 'jQuery Migrate', 'Bootstrap', 'PHP'}
http://www.uebersiedlungs-experts.at;Logistik;{'Plesk', 'Apache'}

